-- phpMyAdmin SQL Dump
-- version 4.0.10deb1
-- http://www.phpmyadmin.net
--
-- Host: localhost
-- Generation Time: Oct 22, 2014 at 01:48 PM
-- Server version: 5.5.38-0ubuntu0.14.04.1
-- PHP Version: 5.5.9-1ubuntu4.4

SET SQL_MODE = "NO_AUTO_VALUE_ON_ZERO";
SET time_zone = "+00:00";


/*!40101 SET @OLD_CHARACTER_SET_CLIENT=@@CHARACTER_SET_CLIENT */;
/*!40101 SET @OLD_CHARACTER_SET_RESULTS=@@CHARACTER_SET_RESULTS */;
/*!40101 SET @OLD_COLLATION_CONNECTION=@@COLLATION_CONNECTION */;
/*!40101 SET NAMES utf8 */;

--
-- Database: `vcc`
--

-- --------------------------------------------------------

--
-- Table structure for table `admin`
--

CREATE TABLE IF NOT EXISTS `admin` (
  `header` varchar(30) NOT NULL,
  `body` text NOT NULL,
  `time` timestamp NOT NULL DEFAULT CURRENT_TIMESTAMP ON UPDATE CURRENT_TIMESTAMP
) ENGINE=InnoDB DEFAULT CHARSET=latin1;

-- --------------------------------------------------------

--
-- Table structure for table `questions`
--

CREATE TABLE IF NOT EXISTS `questions` (
  `qno` int(1) NOT NULL,
  `qcode` varchar(20) NOT NULL,
  `qname` varchar(20) NOT NULL,
  `tle` varchar(8) NOT NULL,
  `AC` smallint(11) NOT NULL,
  `WA` smallint(11) NOT NULL,
  PRIMARY KEY (`qcode`)
) ENGINE=InnoDB DEFAULT CHARSET=latin1;

--
-- Dumping data for table `questions`
--

INSERT INTO `questions` (`qno`, `qcode`, `qname`, `tle`, `AC`, `WA`) VALUES
(1, 'sum', 'sum of digonal', '0', 0, 0);

-- --------------------------------------------------------

--
-- Table structure for table `queue`
--

CREATE TABLE IF NOT EXISTS `queue` (
  `qcode` varchar(20) NOT NULL,
  `uname` varchar(20) NOT NULL,
  `dt` timestamp NOT NULL DEFAULT CURRENT_TIMESTAMP ON UPDATE CURRENT_TIMESTAMP,
  `code` text NOT NULL,
  `lang` varchar(5) NOT NULL
) ENGINE=InnoDB DEFAULT CHARSET=latin1;

-- --------------------------------------------------------

--
-- Table structure for table `scoreboard`
--

CREATE TABLE IF NOT EXISTS `scoreboard` (
  `uname` varchar(12) NOT NULL,
  `score` smallint(6) DEFAULT '0',
  PRIMARY KEY (`uname`)
) ENGINE=InnoDB DEFAULT CHARSET=latin1;

--
-- Dumping data for table `scoreboard`
--

INSERT INTO `scoreboard` (`uname`, `score`) VALUES
('160213733037', -1),
('160213733039', -6),
('160213733040', -6),
('160213733041', 94),
('160213733042', -3),
('160213733043', -1),
('160213733044', -1),
('160213733045', -1),
('160213733046', -6),
('160213733047', -3),
('160213733048', -1),
('160213733049', 99),
('160213733050', 100),
('160213733052', -3),
('160213733053', 100),
('160213733056', -4),
('160213733058', -9),
('160213733059', -2),
('160213733121', -2),
('160213733130', -1),
('160213733301', -1),
('160213733303', -1),
('160213733307', -1),
('160213733325', -2),
('160213733327', -2);

-- --------------------------------------------------------

--
-- Table structure for table `solved`
--

CREATE TABLE IF NOT EXISTS `solved` (
  `uname` varchar(12) NOT NULL,
  `qcode` varchar(20) NOT NULL
) ENGINE=InnoDB DEFAULT CHARSET=latin1;

--
-- Dumping data for table `solved`
--

INSERT INTO `solved` (`uname`, `qcode`) VALUES
('160211733074', 'sum'),
('160213733080', 'maxe'),
('160213733079', 'maxe'),
('160213733063', 'maxe'),
('160213733078', 'maxe'),
('160213733086', 'maxe'),
('160213733085', 'maxe'),
('160213733096', 'maxe'),
('160213733053', 'sum'),
('160213733049', 'sum'),
('160213733050', 'sum'),
('160213733041', 'sum');

-- --------------------------------------------------------

--
-- Table structure for table `submissions`
--

CREATE TABLE IF NOT EXISTS `submissions` (
  `sid` bigint(20) NOT NULL AUTO_INCREMENT,
  `uname` varchar(20) NOT NULL,
  `qcode` varchar(20) NOT NULL,
  `code` text NOT NULL,
  `status` varchar(20) NOT NULL,
  `dt` timestamp NOT NULL DEFAULT CURRENT_TIMESTAMP ON UPDATE CURRENT_TIMESTAMP,
  `lang` varchar(20) NOT NULL,
  `exectime` varchar(10) NOT NULL,
  PRIMARY KEY (`sid`)
) ENGINE=InnoDB  DEFAULT CHARSET=latin1 AUTO_INCREMENT=752 ;

--
-- Dumping data for table `submissions`
--

INSERT INTO `submissions` (`sid`, `uname`, `qcode`, `code`, `status`, `dt`, `lang`, `exectime`) VALUES
(683, '160211733074', 'sum', '#include<iostream>\nusing  namespace std;\nint main()\n{\n int t ;\n cin>>t;\nint m,n;\nwhile(t--)\n{\n cin>>m>>n;\nint a[m][n];\n for(int i=0;i<m;i++)\n for(int j=0;j<n;j++)\n  cin>>a[i][j];\nint ans1=0; \n for(int i=0;i<m;i++)\n   for(int j=0;j<n;j++)\n    if(i==j)\n       ans1+=a[i][j];\n\nint ans2=0; \n for(int i=m-1;i>=0;i--)\n   for(int j=0;j<n;j++)\n    if(i==j)\n       ans2+=a[i][j];\n cout<<ans1<<" "<<ans2<<endl;\n}\n return 0;\n}', 'AC', '2014-10-22 05:06:54', 'CPP', '1'),
(684, '160213733058', 'sum', '#include<stdio.h>\nint main()\n{\n int t,n,a[5][5],i,j,sum1=0,sum2=0;\n scanf("%d",&t);\n if(t>0&&t<10)\n {\n   scanf("\\n %d %d",&n,&n);\n   for(i=0;i<n;i++)\n   {\n    for(j=0;j<n;j++)\n    {\n      scanf("%d",&a[i][j]);\n      if(i==j)\n      {\n        sum1=sum1+a[i][j];\n      }\n      if(i+j==n+1)\n      {\n        sum2=sum2+a[i][j];\n      }\n    }\n   }\n   printf("%d %d",sum1,sum2);\n }\n} \n\nlimit.c: In function ‘Init’:\nlimit.c:46:19: warning: unused variable ‘r2’ [-Wunused-variable]\n  struct rlimit r1,r2,r3,r4; \n                   ^\nlimit.c:46:16: warning: unused variable ‘r1’ [-Wunused-variable]\n  struct rlimit r1,r2,r3,r4; \n                ^\ncpp: In function ‘main’:\ncpp:26:1: error: control reaches end of non-void function [-Werror=return-type]\n } \n', 'CE', '2014-10-22 05:51:57', 'C', 'NA'),
(685, '160213733058', 'sum', '#include<stdio.h>\nvoid main()\n{\n int t,n,a[5][5],i,j,sum1=0,sum2=0;\n scanf("%d",&t);\n if(t>0&&t<10)\n {\n   scanf("\\n %d %d",&n,&n);\n   for(i=0;i<n;i++)\n   {\n    for(j=0;j<n;j++)\n    {\n      scanf("%d",&a[i][j]);\n      if(i==j)\n      {\n        sum1=sum1+a[i][j];\n      }\n      if(i+j==n+1)\n      {\n        sum2=sum2+a[i][j];\n      }\n    }\n   }\n   printf("%d %d",sum1,sum2);\n }\n} ', 'RE_4', '2014-10-22 05:52:42', 'C', '1'),
(686, '160213733047', 'sum', '#include<stdio.h>\nint main()\n{int i,j;\nint r,c;\nint a[5][5]; int  n,t=1;\nint sum=0,sum1=0;\ncin>>n;\nwhile(t<=n)\n{\ncin>>r;\ncin>>c;\nfor(i=0;i<=r;i++)\n{\nfor(j=0;j<=c;j++)\n{\ncin>>a[i][j];\nif(i==j)\n{\nsum= sum+a[i][j];\n}\nelse if(i+j=r+1)\n{\nsum1=sum1+a[i][j];\n}\n}\n}\ncout<<sum;\ncout<<sum1;\n}\n}\n\nlimit.c: In function ‘Init’:\nlimit.c:46:19: warning: unused variable ‘r2’ [-Wunused-variable]\n  struct rlimit r1,r2,r3,r4; \n                   ^\nlimit.c:46:16: warning: unused variable ‘r1’ [-Wunused-variable]\n  struct rlimit r1,r2,r3,r4; \n                ^\ncpp: In function ‘main’:\ncpp:7:1: error: ‘cin’ undeclared (first use in this function)\n cin>>n;\n', 'CE', '2014-10-22 05:53:02', 'C', 'NA'),
(687, '160213733058', 'sum', '#include<stdio.h>\nvoid main()\n{\n int t,n,a[5][5],i,j,sum1=0,sum2=0;\n scanf("%d",&t);\n if(t>0&&t<10)\n {\n   scanf("\\n %d %d",&n,&n);\n   if(n==n)\n   {\n    for(i=0;i<n;i++)\n    {\n     for(j=0;j<n;j++)\n     {\n       scanf("%d",&a[i][j]);\n       if(i==j)\n       {\n         sum1=sum1+a[i][j];\n       }\n       if(i+j==n+1)\n       {\n         sum2=sum2+a[i][j];\n       }\n     }\n    }\n   }\n   else\n      printf("wrong input");\n   printf("%d %d",sum1,sum2);\n }\n} ', 'RE_4', '2014-10-22 05:55:47', 'C', '1'),
(688, '160213733046', 'sum', '#include<iostream>\r\nusing namespace std;\r\nint main()\r\n{	int a[5][5],sum1=0,sum2=0;\r\n	cout<<"enter no of test cases";\r\n	cin>>int t;\r\n	while(t<10)\r\n	{\r\n	cout<<"enter rows,columns not more than 5";\r\n	if(n<=0&&n>=5)\r\n	cout<<"enter a valid input"\r\n	else\r\n	cin>>int m>>int n;\r\n	for(int i=0;k<m;k++)\r\n	{\r\n	for(int j=0;j<n;j++)\r\n	{\r\n	cin>>a[i][j];\r\n	if(i==j)\r\n	sum1+=a[i][j];\r\n	elseif(i+j==m+1)\r\n	sum2=a[i][j]\r\n	}\r\n	}\r\n	cout<<sum1<<sum2;\r\n	}\r\n}\r\n	\n\nlimit.c: In function ‘void Init()’:\nlimit.c:46:16: warning: unused variable ‘r1’ [-Wunused-variable]\n  struct rlimit r1,r2,r3,r4; \n                ^\nlimit.c:46:19: warning: unused variable ‘r2’ [-Wunused-variable]\n  struct rlimit r1,r2,r3,r4; \n                   ^\ncpp: In function ‘int main()’:\ncpp:6:7: error: expected primary-expression before ‘int’\n  cin>>int t;\n', 'CE', '2014-10-22 05:56:33', 'CPP', 'NA'),
(689, '160213733047', 'sum', '#include<stdio.h>\nvoid main()\n{int i,j;\nint r,c;\nint a[5][5]; int  n,t=1;\nint sum=0,sum1=0;\nscanf("%d",&n);\nwhile(t<=n)\n{\nscanf("%d",&r);\nscanf("%d",&c);\nfor(i=0;i<=r;i++)\n{\nfor(j=0;j<=c;j++)\n{\nscanf("%d",&a[i][j]);\nif(i==j)\n{\nsum= sum+a[i][j];\n}\nelse if(i+j=r+1)\n{\nsum1=sum1+a[i][j];\n}\n}\n}\nprintf("%d",sum);\nprintf("%d",sum1);\n}\n}\n\nlimit.c: In function ‘Init’:\nlimit.c:46:19: warning: unused variable ‘r2’ [-Wunused-variable]\n  struct rlimit r1,r2,r3,r4; \n                   ^\nlimit.c:46:16: warning: unused variable ‘r1’ [-Wunused-variable]\n  struct rlimit r1,r2,r3,r4; \n                ^\ncpp:2:6: warning: return type of ‘main’ is not ‘int’ [-Wmain]\n void main()\n      ^\n', 'CE', '2014-10-22 05:57:03', 'C', 'NA'),
(690, '160213733053', 'sum', '#include<iostream>\r\nusing namespace std;\r\nint main()\r\n{\r\n int n,m,t,k,l,sum;\r\n cin>>t;\r\n\r\n int *outl=new int[t];\r\n int *outr=new int[t];\r\n for(int i=0;i<t;i++)\r\n {\r\n  cin>>m>>n;\r\n  int *a=new int[m*n];\r\n  for(int j=0;j<(m*n);j++)\r\n  {\r\n   cin>>a[j];\r\n  }\r\n  for(k=0,l=0,sum=0;k<m,l<n;k++,l++)\r\n  {\r\n   sum=sum+a[k*n+l];\r\n  }\r\n  outl[i]=sum;\r\n  for(k=0,l=n-1,sum=0;k<m,l>=0;k++,l--)\r\n  {\r\n   sum=sum+a[k*n+l];\r\n  }\r\n  outr[i]=sum;\r\n }\r\n for(int i=0;i<t;i++)\r\n {\r\n  cout<<outl[i]<<" "<<outr[i]<<"\\n";\r\n }\r\n\r\n return 0;\r\n}', 'AC', '2014-10-22 05:58:37', 'CPP', '1'),
(691, '160213733046', 'sum', '#include<iostream>\r\nusing namespace std;\r\nint main()\r\n{	int a[5][5],sum1=0,sum2=0;\r\n	cout<<"enter no of test cases";\r\n	cin>>int t;\r\n	while(t<10)\r\n	{\r\n	cout<<"enter rows,columns not more than 5";\r\n	if(n<=0&&n>=5)\r\n	cout<<"enter a valid input"\r\n	else\r\n	cin>>int m>>int n;\r\n	for(int i=0;k<m;k++)\r\n	{\r\n	for(int j=0;j<n;j++)\r\n	{\r\n	cin>>a[i][j];\r\n	if(i==j)\r\n	sum1+=a[i][j];\r\n	elseif(i+j==m+1)\r\n	sum2=a[i][j]\r\n	}\r\n	}\r\n	cout<<sum1<<sum2;\r\n	}\r\n}\r\n	\n\nlimit.c: In function ‘Init’:\nlimit.c:46:19: warning: unused variable ‘r2’ [-Wunused-variable]\n  struct rlimit r1,r2,r3,r4; \n                   ^\nlimit.c:46:16: warning: unused variable ‘r1’ [-Wunused-variable]\n  struct rlimit r1,r2,r3,r4; \n                ^\ncpp:1:19: fatal error: iostream: No such file or directory\n #include<iostream>\n                   ^\n', 'CE', '2014-10-22 05:59:00', 'C', 'NA'),
(692, '160213733058', 'sum', '#include<stdio.h>\nvoid main()\n{\n int t,n,m,a[5][5],i,j,sum1=0,sum2=0;\n scanf("%d",&t);\n if(t>0&&t<10)\n {\n   scanf(" %d %d",&m,&n);\n   if(m==n)\n   {\n    for(i=0;i<n;i++)\n    {\n     for(j=0;j<n;j++)\n     {\n       scanf("%d",&a[i][j]);\n       if(i==j)\n       {\n         sum1=sum1+a[i][j];\n       }\n       if(i+j==n+1)\n       {\n         sum2=sum2+a[i][j];\n       }\n     }\n    }\n   }\n   else\n      printf("wrong input");\n   printf("%d %d",sum1,sum2);\n }\n} ', 'RE_4', '2014-10-22 05:59:30', 'C', '1'),
(693, '160213733046', 'sum', '#include<iostream>\r\nusing namespace std;\r\nint main()\r\n{	int a[5][5],sum1=0,sum2=0,t;\r\n	cout<<"enter no of test cases";\r\n	cin>>t;\r\n	while(t<10)\r\n	{\r\n	cout<<"enter rows,columns not more than 5";\r\n	if(n<=0&&n>=5)\r\n	cout<<"enter a valid input"\r\n	else\r\n	cin>>int m>>int n;\r\n	for(int i=0;k<m;k++)\r\n	{\r\n	for(int j=0;j<n;j++)\r\n	{\r\n	cin>>a[i][j];\r\n	if(i==j)\r\n	sum1+=a[i][j];\r\n	elseif(i+j==m+1)\r\n	sum2=a[i][j]\r\n	}\r\n	}\r\n	cout<<sum1<<sum2;\r\n	}\r\n}\r\n	\n\nlimit.c: In function ‘void Init()’:\nlimit.c:46:16: warning: unused variable ‘r1’ [-Wunused-variable]\n  struct rlimit r1,r2,r3,r4; \n                ^\nlimit.c:46:19: warning: unused variable ‘r2’ [-Wunused-variable]\n  struct rlimit r1,r2,r3,r4; \n                   ^\ncpp: In function ‘int main()’:\ncpp:10:5: error: ‘n’ was not declared in this scope\n  if(n<=0&&n>=5)\n', 'CE', '2014-10-22 05:59:58', 'CPP', 'NA'),
(694, '160213733041', 'sum', '#include<iostream>\n#include<stdlib.h>\nusing namespace std;\nint main()\n{\n  int t,N,M\n  cin>>t;\n  cout<<endl;\n  if(t<=0||t>10)\n  exit (0);\n  else\n  {\n   for(int i=0;i<t;i++)\n    {\n      cin>>M;\n      cin>>N;\n      if(M!=N||M<0||M>5||N<0||N>5)\n       exit (0);\n      else  \n      {\n         int A[M][M],sum=0,sum1=0;\n          for(int j=0;j<M;j++)\n          {\n          for(int k=0;k<M;k++)\n          cin>>A[M][M];\n          cout<<endl;\n          }\n          for(int a=0,b=0;a<M;a++,b++)\n          sum=sum+A[a][b];\n          for(int a=0,b=M-1;a<M||b!=0;a++,b--)\n          sum1=sum1+A[a][b];\n          cout<<sum<<" "<<sum1<<endl;\n      }\n    }\n  }\n}\n\nlimit.c: In function ‘void Init()’:\nlimit.c:46:16: warning: unused variable ‘r1’ [-Wunused-variable]\n  struct rlimit r1,r2,r3,r4; \n                ^\nlimit.c:46:19: warning: unused variable ‘r2’ [-Wunused-variable]\n  struct rlimit r1,r2,r3,r4; \n                   ^\ncpp: In function ‘int main()’:\ncpp:7:3: error: expected initializer before ‘cin’\n   cin>>t;\n', 'CE', '2014-10-22 06:01:48', 'CPP', 'NA'),
(695, '160213733041', 'sum', '#include<iostream>\n#include<stdlib.h>\nusing namespace std;\nint main()\n{\n  int t,N,M;\n  cin>>t;\n  cout<<endl;\n  if(t<=0||t>10)\n  exit (0);\n  else\n  {\n   for(int i=0;i<t;i++)\n    {\n      cin>>M;\n      cin>>N;\n      if(M!=N||M<0||M>5||N<0||N>5)\n       exit (0);\n      else  \n      {\n         int A[M][M],sum=0,sum1=0;\n          for(int j=0;j<M;j++)\n          {\n          for(int k=0;k<M;k++)\n          cin>>A[M][M];\n          cout<<endl;\n          }\n          for(int a=0,b=0;a<M;a++,b++)\n          sum=sum+A[a][b];\n          for(int a=0,b=M-1;a<M||b!=0;a++,b--)\n          sum1=sum1+A[a][b];\n          cout<<sum<<" "<<sum1<<endl;\n      }\n    }\n  }\n}', 'RE_11', '2014-10-22 06:03:24', 'CPP', '1'),
(696, '160213733046', 'sum', '#include<iostream>\r\nusing namespace std;\r\nint main()\r\n{	int a[5][5],sum1=0,sum2=0,m,n;\r\n	cout<<"enter no of test cases";\r\n	cin>>int t;\r\n	while(t<10)\r\n	{\r\n	cout<<"enter rows,columns not more than 5";\r\n	cin>>m>>n;\r\n	if(n<=0&&n>=5)\r\n	cout<<"enter a valid input"\r\n	exit;\r\n	for(int i=0;k<m;k++)\r\n	{\r\n	for(int j=0;j<n;j++)\r\n	{\r\n	cin>>a[i][j];\r\n	if(i==j)\r\n	sum1+=a[i][j];\r\n	elseif(i+j==m+1)\r\n	sum2=a[i][j]\r\n	}\r\n	}\r\n	cout<<sum1<<sum2;\r\n	}\r\n}\r\n	\n\nlimit.c: In function ‘void Init()’:\nlimit.c:46:16: warning: unused variable ‘r1’ [-Wunused-variable]\n  struct rlimit r1,r2,r3,r4; \n                ^\nlimit.c:46:19: warning: unused variable ‘r2’ [-Wunused-variable]\n  struct rlimit r1,r2,r3,r4; \n                   ^\ncpp: In function ‘int main()’:\ncpp:6:7: error: expected primary-expression before ‘int’\n  cin>>int t;\n', 'CE', '2014-10-22 06:03:40', 'CPP', 'NA'),
(697, '160213733058', 'sum', '#include<stdio.h>\nvoid main()\n{\n int t,n,m,a[5][5],i,j,sum1=0,sum2=0;\n scanf("%d",&t);\n if(t>0&&t<10)\n {\n   scanf(" %d %d",&m,&n);\n   if(m==n)\n   {\n    for(i=1;i<=m;i++)\n    {\n     for(j=1;j<=n;j++)\n     {\n       scanf("%d",&a[i][j]);\n       if(i==j)\n       {\n         sum1=sum1+a[i][j];\n       }\n       if(i+j==n+1)\n       {\n         sum2=sum2+a[i][j];\n       }\n     }\n    }\n   }\n   else\n      printf("wrong input");\n   printf("%d %d",sum1,sum2);\n }\n} ', 'RE_5', '2014-10-22 06:04:13', 'C', '2'),
(698, '160213733041', 'sum', '#include<iostream>\n#include<stdlib.h>\nusing namespace std;\nint main()\n{\n  int t,N,M;\n  cin>>t;\n  cout<<endl;\n  if(t<=0||t>10)\n  exit (0);\n  else\n  {\n   for(int i=0;i<t;i++)\n    {\n      cin>>M;\n      cin>>N;\n      if(M!=N||M<0||M>5||N<0||N>5)\n       exit (0);\n      else  \n      {\n         int A[M][M],sum=0,sum1=0;\n          for(int j=0;j<M;j++)\n          {\n          for(int k=0;k<M;k++)\n          cin>>A[j][k];\n          cout<<endl;\n          }\n          for(int a=0,b=0;a<M;a++,b++)\n          sum=sum+A[a][b];\n          for(int a=0,b=M-1;a<M||b!=0;a++,b--)\n          sum1=sum1+A[a][b];\n          cout<<sum<<" "<<sum1<<endl;\n      }\n    }\n  }\n}', 'RE_11', '2014-10-22 06:04:26', 'CPP', '1'),
(699, '160213733049', 'sum', '#include<iostream>\r\nusing namespace std;\r\nint main()\r\n{\r\n int n,m,t,k,l,sum;\r\n cin>>t;\r\n\r\n int *outl=new int[t];\r\n int *outr=new int[t];\r\n for(int i=0;i<t;i++)\r\n {\r\n  cin>>m>>n;\r\n  int *a=new int[m*n];\r\n  for(int j=0;j<(m*n);j++)\r\n  {\r\n   cin>>a[j];\r\n  }\r\n  for(k=0,l=0,sum=0;k<m,l<n;k++,l++)\r\n  {\r\n   sum=sum+a[k*n+l];\r\n  }\r\n  outl[i]=sum;\r\n  for(k=0,l=n-1,sum=0;k<m,l>=0;k++,l--)\r\n  {\r\n   sum=sum+a[k*n+l];\r\n  }\r\n  outr[i]=sum;\r\n }\r\n for(int i=0;i<t;i++)\r\n {\r\n  cout<<outl[i]<<" "<<outr[i]<<"\\n";\r\n }\r\n\r\n return 0;\r\n"testdi.cpp" 36L, 488C                                             1,1           Top\r\n\r\n[1]+  Stopped                 vim testdi.cpp\r\n[cse13053@STUDLINUX ~]$\n\nlimit.c: In function ‘void Init()’:\nlimit.c:46:16: warning: unused variable ‘r1’ [-Wunused-variable]\n  struct rlimit r1,r2,r3,r4; \n                ^\nlimit.c:46:19: warning: unused variable ‘r2’ [-Wunused-variable]\n  struct rlimit r1,r2,r3,r4; \n                   ^\ncpp:35:19: error: invalid suffix "C" on integer constant\n "testdi.cpp" 36L, 488C                                             1,1           Top\n                   ^\n', 'CE', '2014-10-22 06:05:54', 'CPP', 'NA'),
(700, '160213733058', 'sum', '#include<stdio.h>\nvoid main()\n{\n int t,n,m,a[5][5],i,j,sum1=0,sum2=0;\n scanf("%d",&t);\n if(t>0&&t<10)\n {\n   scanf(" %d %d",&m,&n);\n   if(m==n)\n   {\n    for(i=1;i<=m;i++)\n    {\n     for(j=1;j<=n;j++)\n     {\n       scanf("%d",&a[i][j]);\n       if(i==j)\n         sum1=sum1+a[i][j];\n       if(i+j==n+1)\n         sum2=sum2+a[i][j];\n     }\n    }\n   }\n   else\n      printf("wrong input");\n   printf("%d %d",sum1,sum2);\n }\n} ', 'RE_5', '2014-10-22 06:06:13', 'C', '1'),
(701, '160213733046', 'sum', '#include<iostream>\r\nusing namespace std;\r\nint main()\r\n{	int a[5][5],sum1=0,sum2=0;\r\n	cout<<"enter no of test cases";\r\n	cin>>int t;\r\n	while(t<10)\r\n	{\r\n	cout<<"enter rows,columns not more than 5";\r\n	cin>>int m>>int n;\r\n	if(n<=0&&n>=5)\r\n	cout<<"enter a valid input";\r\n	exit;\r\n	for(int i=0;k<m;k++)\r\n	{\r\n	for(int j=0;j<n;j++)\r\n	{\r\n	cin>>a[i][j];\r\n	if(i==j)\r\n	sum1+=a[i][j];\r\n	elseif(i+j==m+1)\r\n	sum2+=a[i][j]\r\n	}\r\n	}\r\n	cout<<sum1<<sum2;\r\n	}\r\n}\r\n	\n\nlimit.c: In function ‘void Init()’:\nlimit.c:46:16: warning: unused variable ‘r1’ [-Wunused-variable]\n  struct rlimit r1,r2,r3,r4; \n                ^\nlimit.c:46:19: warning: unused variable ‘r2’ [-Wunused-variable]\n  struct rlimit r1,r2,r3,r4; \n                   ^\ncpp: In function ‘int main()’:\ncpp:6:7: error: expected primary-expression before ‘int’\n  cin>>int t;\n', 'CE', '2014-10-22 06:06:29', 'CPP', 'NA'),
(702, '160213733042', 'sum', '#include<iostream>\n#include<stdlib.h>\nusing namespace std;\nint main()\n{\n  int n,rows,cols;\n  cin>>n;\n  cout<<endl;\n  if(n<=0||n>10)\n   exit(0);\n   else\n  {\n      for(int i=0;i<n;i++)\n      {\n          cin>>rows;\n          cin>>cols;\n          if(rows!=cols||rows<0||rows>5||cols<0||cols>>5)\n          exit(0);\n          else\n          {\n              int A[rows][cols],suma=0,sumb=0;\n              for(int j=0;j<rows;j++)\n              {\n                  for(int k=0;k<cols;k++)\n                  cin>>A[rows][cols];\n                  cout<<endl;\n              }\n              \n              }\n          }\n          \n      }\n  }\n  \n}\n\nlimit.c: In function ‘void Init()’:\nlimit.c:46:16: warning: unused variable ‘r1’ [-Wunused-variable]\n  struct rlimit r1,r2,r3,r4; \n                ^\nlimit.c:46:19: warning: unused variable ‘r2’ [-Wunused-variable]\n  struct rlimit r1,r2,r3,r4; \n                   ^\ncpp: In function ‘int main()’:\ncpp:21:33: warning: unused variable ‘suma’ [-Wunused-variable]\n               int A[rows][cols],suma=0,sumb=0;\n', 'CE', '2014-10-22 06:06:40', 'CPP', 'NA'),
(703, '160213733049', 'sum', '#include<iostream>\r\nusing namespace std;\r\nint main()\r\n{\r\n int n,m,t,k,l,sum;\r\n cin>>t;\r\n\r\n int *outl=new int[t];\r\n int *outr=new int[t];\r\n for(int i=0;i<t;i++)\r\n {\r\n  cin>>m>>n;\r\n  int *a=new int[m*n];\r\n  for(int j=0;j<(m*n);j++)\r\n  {\r\n   cin>>a[j];\r\n  }\r\n  for(k=0,l=0,sum=0;k<m,l<n;k++,l++)\r\n  {\r\n   sum=sum+a[k*n+l];\r\n  }\r\n  outl[i]=sum;\r\n  for(k=0,l=n-1,sum=0;k<m,l>=0;k++,l--)\r\n  {\r\n   sum=sum+a[k*n+l];\r\n  }\r\n  outr[i]=sum;\r\n }\r\n for(int i=0;i<t;i++)\r\n {\r\n  cout<<outl[i]<<" "<<outr[i]<<"\\n";\r\n }\r\n\r\n return 0;\r\n}                                                   ', 'AC', '2014-10-22 06:07:28', 'CPP', '1'),
(704, '160213733039', 'sum', '#include<stdio.h>\n#include<stdlib.h>\nint main()\n{\nint t,a[m][n],m,n,i,j;\nint sum=0;\nscanf("%d",&t);\nif(t>0&&t<10)\n{\n    scanf("%d",&m);\n    scanf("%d",&n);\n    if(m>0&&n>0&&m<5&&n<5)\n    {\n        for(i=0;i<m;i++)\n        {\n            for(j=0;j<n;j++)\n            scanf("%d",&a[i][j]);\n            printf("\\n");\n        }\n        while(i<m)\n        {\n            sum=sum+a[i][i];\n            i++;\n        }\n        printf("\\n%d",sum);\n        i=0;j=n-1;\n        sum=0;\n        while(i<m)\n        {\n            sum=sum+a[i][j];\n            i++;\n            j--;\n        }\n        printf("%d",sum);\n    }\n    else\n    exit(0);\n}\nelse\nexit(0);\nreturn 0;\n}\n    \n    \n    \n    \n    \n    \n    \n    \n    \n    \n    \n    \n    \n    \n    \n    \n    \n\nlimit.c: In function ‘Init’:\nlimit.c:46:19: warning: unused variable ‘r2’ [-Wunused-variable]\n  struct rlimit r1,r2,r3,r4; \n                   ^\nlimit.c:46:16: warning: unused variable ‘r1’ [-Wunused-variable]\n  struct rlimit r1,r2,r3,r4; \n                ^\ncpp: In function ‘main’:\ncpp:5:9: error: ‘m’ undeclared (first use in this function)\n int t,a[m][n],m,n,i,j;\n', 'CE', '2014-10-22 06:07:40', 'C', 'NA'),
(705, '160213733056', 'sum', '#include<stdio.h>\nvoid main()\n{\nint t,i,j,n,m,sum=0,sum1=0,a[5][5];\nscanf("%d",&t);\nif((0<t<10)&&(0<n<5))\n{\nscanf("%d%d",&n,&m);\nif(m==n)\n{\nfor(i=0;i<n;i++)\n{\nfor(j=0;j<m;j++)\n{\nscanf("%d",&a[i][j]);\nif(i==j)\n{\nsum=sum+a[i][j];\n}\nif(i+j==n-1)\n{\nsum1=sum1+a[i][j];\n}\n}\n}\n}\nelse\nprintf("wrong input");\nprintf("%d %d",sum,sum1);\n}\n}\n', 'RE_5', '2014-10-22 06:07:50', 'C', '1'),
(706, '160213733050', 'sum', '#include<iostream>\r\nusing namespace std;\r\nint main()\r\n{\r\n int n,m,t,k,l,sum;\r\n cin>>t;\r\n\r\n int *outl=new int[t];\r\n int *outr=new int[t];\r\n for(int i=0;i<t;i++)\r\n {\r\n  cin>>m>>n;\r\n  int *a=new int[m*n];\r\n  for(int j=0;j<(m*n);j++)\r\n  {\r\n   cin>>a[j];\r\n  }\r\n  for(k=0,l=0,sum=0;k<m,l<n;k++,l++)\r\n  {\r\n   sum=sum+a[k*n+l];\r\n  }\r\n  outl[i]=sum;\r\n  for(k=0,l=n-1,sum=0;k<m,l>=0;k++,l--)\r\n  {\r\n   sum=sum+a[k*n+l];\r\n  }\r\n  outr[i]=sum;\r\n }\r\n for(int i=0;i<t;i++)\r\n {\r\n  cout<<outl[i]<<" "<<outr[i]<<"\\n";\r\n }\r\n\r\n return 0;\r\n}                                                   ', 'AC', '2014-10-22 06:08:02', 'CPP', '1'),
(707, '160213733058', 'sum', '#include<stdio.h>\nvoid main()\n{\n int t,n,m,a[5][5],i,j,sum1=0,sum2=0;\n scanf("%d",&t);\n if(t>0&&t<10)\n {\n   scanf(" %d %d",&m,&n);\n   if(m==n)\n   {\n    for(i=1;i<=m;i++)\n    {\n     for(j=1;j<=n;j++)\n     {\n       scanf("%d",&a[i][j]);\n       if(i==j)\n         sum1=sum1+a[i][j];\n       if(i+j==n+1)\n         sum2=sum2+a[i][j];\n     }\n    }\n   }\n   printf("%d %d",sum1,sum2);\n }\n} ', 'RE_5', '2014-10-22 06:09:02', 'C', '1'),
(708, '160213733325', 'sum', '#include<stdio.h>\n#include<conio.h>\nvoid main()\n{\n    int arr[n][n];\n    int t;\n    printf("enter the t value");\n    scanf("%d"&t);\n    printf("enter n ");\n    scanf("%d"&n)\n    if(t<10)\n    {\n        \n    }\n}\n\nlimit.c: In function ‘void Init()’:\nlimit.c:46:16: warning: unused variable ‘r1’ [-Wunused-variable]\n  struct rlimit r1,r2,r3,r4; \n                ^\nlimit.c:46:19: warning: unused variable ‘r2’ [-Wunused-variable]\n  struct rlimit r1,r2,r3,r4; \n                   ^\ncpp:2:18: fatal error: conio.h: No such file or directory\n #include<conio.h>\n                  ^\n', 'CE', '2014-10-22 06:09:31', 'CPP', 'NA'),
(709, '160213733039', 'sum', '\n#include<stdio.h>\n#include<stdlib.h>\nint main()\n{\nint t,m,n,a[m][n],i,j;\nint sum=0;\nscanf("%d",&t);\nif(t>0&&t<10)\n{\n    scanf("%d",&m);\n    scanf("%d",&n);\n    if(m>0&&n>0&&m<5&&n<5)\n    {\n        for(i=0;i<m;i++)\n        {\n            for(j=0;j<n;j++)\n            scanf("%d",&a[i][j]);\n            printf("\\n");\n        }\n        while(i<m)\n        {\n            sum=sum+a[i][i];\n            i++;\n        }\n        printf("\\n%d",sum);\n        i=0;j=n-1;\n        sum=0;\n        while(i<m)\n        {\n            sum=sum+a[i][j];\n            i++;\n            j--;\n        }\n        printf("%d",sum);\n    }\n    else\n    exit(0);\n}\nelse\nexit(0);\nreturn 0;\n}\n    \n    ', 'WA', '2014-10-22 06:09:52', 'C', '1'),
(710, '160213733047', 'sum', '#include<stdio.h>\nvoid main()\n{int i,j;\nint row,c;\nint a[5][5]; int  n,t=1;\nint sum=0,sum1=0;\nscanf("%d",&n);\nwhile(t<=n)\n{\nscanf("%d",&row);\nscanf("%d",&c);\nfor(i=0;i<=row;i++)\n{\nfor(j=0;j<=c;j++)\n{\nscanf("%d",&a[i][j]);\nif(i==j)\n{\nsum= sum+a[i][j];\n}\nelse if(i+j=row+1)\n{\nsum1=sum1+a[i][j];\n}\n}\n}\nprintf("%d",sum);\nprintf("%d",sum1);\n}\n}:\n\nlimit.c: In function ‘Init’:\nlimit.c:46:19: warning: unused variable ‘r2’ [-Wunused-variable]\n  struct rlimit r1,r2,r3,r4; \n                   ^\nlimit.c:46:16: warning: unused variable ‘r1’ [-Wunused-variable]\n  struct rlimit r1,r2,r3,r4; \n                ^\ncpp:2:6: warning: return type of ‘main’ is not ‘int’ [-Wmain]\n void main()\n      ^\n', 'CE', '2014-10-22 06:09:53', 'C', 'NA'),
(711, '160213733041', 'sum', '#include<iostream>\n#include<stdlib.h>\nusing namespace std;\nint main()\n{\n  int t,N,M;\n  cin>>t;\n  cout<<endl;\n  if(t<=0||t>10)\n  exit (0);\n  else\n  {\n   for(int i=0;i<t;i++)\n    {\n      cin>>M;\n      cin>>N;\n      if(M!=N||M<0||M>5||N<0||N>5)\n       exit (0);\n      else  \n      {\n         int A[M][M],sum=0,sum1=0;\n          for(int j=0;j<M;j++)\n          {\n          for(int k=0;k<M;k++)\n          cin>>A[j][k];\n          cout<<endl;\n          }\n          for(int a=0,b=0;a<M;a++,b++)\n          sum=sum+A[a][b];\n          for(int a=0,b=M-1;a<M&&b>0;a++,b--)\n          sum1=sum1+A[a][b];\n          cout<<sum<<" "<<sum1<<endl;\n      }\n    }\n  }\n  return 0;\n}', 'WA', '2014-10-22 06:10:41', 'CPP', '1'),
(712, '160213733056', 'sum', '#include<stdio.h>\nvoid main()\n{\nint t,i,j,n,m,sum=0,sum1=0,a[5][5];\nscanf("%d",&t);\nscanf("%d%d",&n,&m);\nif(m==n)\n{\nfor(i=0;i<n;i++)\n{\nfor(j=0;j<m;j++)\n{\nscanf("%d",&a[i][j]);\nif(i==j)\n{\nsum=sum+a[i][j];\n}\nif(i+j==n-1)\n{\nsum1=sum1+a[i][j];\n}\n}\n}\nprintf("%d %d",sum,sum1);\n}\n}', 'RE_5', '2014-10-22 06:10:50', 'C', '1'),
(713, '160213733052', 'sum', '#include<iostream>\nusing namespace std;\nint main()\n{\n  int n,m,t,s=0,p=0;\n  int a[n][m];\n  cin>>>t;\n  cin>>n>>m;\n if(m==n)\n  {\n   for(int i=0;i<n;i++)\n    {\n      for(int j=0;j<n;j++)\n       {\n         cin>>a[i][j];\n       }\n    }\n  }\n for(int i=0;i<n;i++)\n  {\n   for(int j=0;j<n;j++)\n    {\n      if(i==j)\n       {\n         s=s+a[i][j];\n       }\n\n      else if(j==(n-i))\n       {\n        p=p+a[i][j];\n       }\n \n    }\n    cout<<s<< " "<<p;\n  }\n \n}\n\nlimit.c: In function ‘void Init()’:\nlimit.c:46:16: warning: unused variable ‘r1’ [-Wunused-variable]\n  struct rlimit r1,r2,r3,r4; \n                ^\nlimit.c:46:19: warning: unused variable ‘r2’ [-Wunused-variable]\n  struct rlimit r1,r2,r3,r4; \n                   ^\ncpp: In function ‘int main()’:\ncpp:7:8: error: expected primary-expression before ‘>’ token\n   cin>>>t;\n', 'CE', '2014-10-22 06:10:56', 'CPP', 'NA'),
(714, '160213733121', 'sum', '#include<iostream>\r\n#include<stdlib.h>\r\nusing namespace std;\r\nint main()\r\n{\r\n    int t,m,n,i,j,sum=0,a[10][10],p[10],q[10],x,s=0;\r\n    cin>>t;\r\n    for(int c=0;c<t;c++)\r\n    {\r\n        cin>>m>>n;\r\n        if(m!=n)\r\n        {\r\n        exit(0);\r\n        }\r\n        else\r\n        {\r\n        for(i=0;i<m;i++)\r\n        for(j=0;j<n;j++)\r\n        cin>>a[i][j];\r\n        }\r\n        for(i=0;i<m;i++)\r\n        for(j=0;j<n;j++)\r\n        x=i+j;\r\n        if(i==j)\r\n        {\r\n          sum+=a[i][j];\r\n        }\r\n        else if(x=m-1)\r\n        {\r\n          s+=a[i][j];\r\n        }\r\n        p[c]=sum;\r\n        q[c]=s;\r\n        }\r\nfor(int c=0;c<t;c++)\r\n{\r\ncout<<p[c]<<" "<<q[c];\r\n}\r\nreturn 0;\r\n}', 'WA', '2014-10-22 06:12:30', 'CPP', '1'),
(715, '160213733042', 'sum', '#include<iostream>\n#include<stdlib.h>\nusing namespace std;\nint main()\n{\n  int n,rows,cols;\n  cin>>n;\n  cout<<endl;\n  if(n<=0||n>10)\n   exit(0);\n   else\n  {\n      for(int i=0;i<n;i++)\n      {\n          cin>>rows;\n          cin>>cols;\n          if(rows!=cols||rows<0||rows>5||cols<0||cols>>5)\n          exit(0);\n          else\n          {\n              int A[rows][cols];\n              for(int j=0;j<rows;j++)\n              {\n                  for(int k=0;k<cols;k++)\n                  cin>>A[rows][cols];\n                  cout<<endl;\n              }\n              \n              }\n          }\n          \n      }\n  }\n  \n}\n\nlimit.c: In function ‘Init’:\nlimit.c:46:19: warning: unused variable ‘r2’ [-Wunused-variable]\n  struct rlimit r1,r2,r3,r4; \n                   ^\nlimit.c:46:16: warning: unused variable ‘r1’ [-Wunused-variable]\n  struct rlimit r1,r2,r3,r4; \n                ^\ncpp:1:19: fatal error: iostream: No such file or directory\n #include<iostream>\n                   ^\n', 'CE', '2014-10-22 06:12:31', 'C', 'NA'),
(716, '160213733039', 'sum', '\n#include<stdio.h>\n#include<stdlib.h>\nint main()\n{\nint t,a[m][n],m,n,i,j;\nint sum=0;\nscanf("%d",&t);\nif(t>0&&t<10)\n{\n    scanf("%d",&m);\n    scanf("%d",&n);\n    if((m>0||n>0)&&(m<5||n<5))\n    {\n        for(i=0;i<m;i++)\n        {\n            for(j=0;j<n;j++)\n            {\n            scanf("%d",&a[i][j]);\n            }\n            printf("\\n");\n        }\n        while(i<m)\n        {\n            sum=sum+a[i][i];\n            i++;\n        }\n        printf("\\n%d",sum);\n        i=0;j=n-1;\n        sum=0;\n        while(i<m||j<0)\n        {\n            sum=sum+a[i][j];\n            i++;\n            j--;\n        }\n        printf("%d",sum);\n    }\n    else\n    exit(0);\n}\nelse\nexit(0);\nreturn 0;\n}\n    \n    \n\nlimit.c: In function ‘Init’:\nlimit.c:46:19: warning: unused variable ‘r2’ [-Wunused-variable]\n  struct rlimit r1,r2,r3,r4; \n                   ^\nlimit.c:46:16: warning: unused variable ‘r1’ [-Wunused-variable]\n  struct rlimit r1,r2,r3,r4; \n                ^\ncpp: In function ‘main’:\ncpp:6:9: error: ‘m’ undeclared (first use in this function)\n int t,a[m][n],m,n,i,j;\n', 'CE', '2014-10-22 06:13:07', 'C', 'NA'),
(717, '160213733042', 'sum', '#include<iostream>\n#include<stdlib.h>\nusing namespace std;\nint main()\n{\n  int n,rows,cols;\n  cin>>n;\n  cout<<endl;\n  if(n<=0||n>10)\n   exit(0);\n   else\n  {\n      for(int i=0;i<n;i++)\n      {\n          cin>>rows;\n          cin>>cols;\n          if(rows!=cols||rows<0||rows>5||cols<0||cols>>5)\n          exit(0);\n          else\n          {\n              int A[rows][cols];\n              for(int j=0;j<rows;j++)\n              {\n                  for(int k=0;k<cols;k++)\n                  cin>>A[rows][cols];\n                  cout<<endl;\n              }\n              \n              }\n          }\n          \n      }\n  }\n  \n}\n\nlimit.c: In function ‘void Init()’:\nlimit.c:46:16: warning: unused variable ‘r1’ [-Wunused-variable]\n  struct rlimit r1,r2,r3,r4; \n                ^\nlimit.c:46:19: warning: unused variable ‘r2’ [-Wunused-variable]\n  struct rlimit r1,r2,r3,r4; \n                   ^\ncpp:35:1: error: expected declaration before ‘}’ token\n }\n ^\n', 'CE', '2014-10-22 06:13:08', 'CPP', 'NA'),
(718, '160213733059', 'sum', '#include<iostream>\n#include<stdlib>\nusing namespace std;\nint main()\n{\n     int t,a[5][5],p[10],q[10],r,c;\n     cin>>t;\n     for(int k=0;k<t;k++)\n     {\n         cin>>r;\n         cin>>c;\n         if(r==c)\n         {\n             int sum=0;s=0,x;\n             for(int i=0;i<r;i++)\n             {\n                 for(int j=0;j<c;j++)\n                 {\n                     x=i+j;\n                     cin>>a[i][j];\n                     if(i==j)\n                     {\n                         sum=sum+a[i][j];\n                     }\n                     else if(x==r-1)\n                     {\n                         s=s+a[i][j];\n                     }\n                 }\n             }\n             p[i]=sum;\n             q[i]=s;\n         }\n         else\n          exit(0);\n     }\n     for(int i=0;i<r;i++)\n     {\n         cout<<p[i]<<"\\t"<<q[i]<<endl;\n     }\n}\n\nlimit.c: In function ‘void Init()’:\nlimit.c:46:16: warning: unused variable ‘r1’ [-Wunused-variable]\n  struct rlimit r1,r2,r3,r4; \n                ^\nlimit.c:46:19: warning: unused variable ‘r2’ [-Wunused-variable]\n  struct rlimit r1,r2,r3,r4; \n                   ^\ncpp:2:17: fatal error: stdlib: No such file or directory\n #include<stdlib>\n                 ^\n', 'CE', '2014-10-22 06:13:15', 'CPP', 'NA'),
(719, '160213733041', 'sum', '#include<iostream>\n#include<stdlib.h>\nusing namespace std;\nint main()\n{\n  int t,N,M;\n  cin>>t;\n  cout<<endl;\n  if(t<=0||t>10)\n  exit (0);\n  else\n  {\n   for(int i=0;i<t;i++)\n    {\n      cin>>M;\n      cin>>N;\n      if(M!=N||M<0||M>5||N<0||N>5)\n       exit (0);\n      else  \n      {\n         int A[M][M],sum=0,sum1=0;\n          for(int j=0;j<M;j++)\n          {\n          for(int k=0;k<M;k++)\n          cin>>A[j][k];\n          cout<<endl;\n          }\n          for(int a=0;a<M;a++)\n          {\n            sum=sum+A[a][a];\n            sum1=sum1+A[a][M-a-1];\n          }\n          cout<<sum<<" "<<sum1<<endl;\n      }\n    }\n  }\n  return 0;\n}', 'WA', '2014-10-22 06:13:30', 'CPP', '1'),
(720, '160213733052', 'sum', '#include<iostream>\nusing namespace std;\nint main()\n{\n  int n,m,t,s=0,p=0;\n  int a[][];\n  cin>>>t;\n   for(int k=0;k<t;k++)\n {\n   cout<<endl;\n  cin>>n>>"\\t">>m;\n if(m==n)\n  {\n   for(int i=0;i<n;i++)\n\n      for(int j=0;j<n;j++)\n       {\n         cin>>a[i][j]>>"\\t";\n       }\n      cout<<endl;\n     }\n\n for(int i=0;i<n;i++)\n  {\n   for(int j=0;j<n;j++)\n    {\n      if(i==j)\n       {\n         s=s+a[i][j];\n       }\n\n      else if(j==(n-i))\n       {\n        p=p+a[i][j];\n       }\n\n    }\n  }\n  cout<<s<<"\\t"<<p<<"\\n";\n }\n}\n\nlimit.c: In function ‘void Init()’:\nlimit.c:46:16: warning: unused variable ‘r1’ [-Wunused-variable]\n  struct rlimit r1,r2,r3,r4; \n                ^\nlimit.c:46:19: warning: unused variable ‘r2’ [-Wunused-variable]\n  struct rlimit r1,r2,r3,r4; \n                   ^\ncpp: In function ‘int main()’:\ncpp:6:11: error: declaration of ‘a’ as multidimensional array must have bounds for all dimensions except the first\n   int a[][];\n', 'CE', '2014-10-22 06:13:45', 'CPP', 'NA'),
(721, '160213733056', 'sum', '#include<stdio.h>\nvoid main()\n{\nint t,i,j,n,m,sum=0,sum1=0,a[5][5];\nscanf("%d",&t);\nscanf("%d%d",&n,&m);\nif(m==n)\n{\nfor(i=0;i<n;i++)\n{\nfor(j=0;j<m;j++)\n{\nscanf("%d",&a[i][j]);\nif(i==j)\n{\nsum=sum+a[i][j];\n}\nif(i+j==n-1)\n{\nsum1=sum1+a[i][j];\n}\n}\n}\nprintf("%d%d",sum,sum1);\n}\n}', 'RE_4', '2014-10-22 06:13:54', 'C', '1'),
(722, '160213733058', 'sum', '#include<stdio.h>\nvoid main()\n{\n int t,n,m,a[5][5],i,j,sum1=0,sum2=0;\n scanf("%d",&t);\n if(t>0&&t<10)\n {\n   scanf("%d%d",&m,&n);\n   if(m==n)\n   {\n    for(i=1;i<=m;i++)\n    {\n     for(j=1;j<=n;j++)\n     {\n       scanf("%d",&a[i][j]);\n       if(i==j)\n         sum1=sum1+a[i][j];\n       if(i+j==n+1)\n         sum2=sum2+a[i][j];\n     }\n    }\n   }\n   printf("%d %d",sum1,sum2);\n }\n} ', 'RE_5', '2014-10-22 06:14:01', 'C', '1'),
(723, '160213733046', 'sum', '\r\n\r\n\r\n\r\n\r\n\r\n\r\n\r\n\r\n\r\n\r\n\r\n\r\n\r\n\r\n\r\n\r\n\r\n\r\n\r\n\r\n\r\n\r\n\r\n\r\n\r\n\r\n\r\n\r\n\r\n\r\n\r\n\r\n\r\n\r\n\r\n\r\n\r\n\r\n\r\n\r\n\r\n\r\n\r\n\r\n\r\n\r\n\r\n#include<iostream>\r\nusing namespace std;\r\nint main()\r\n{       int a[5][5],sum1=0,sum2=0,t,m,n;\r\n        cout<<"enter no of test cases";\r\n        cin>>t;\r\n        while(t<10)\r\n        {\r\n        cout<<"enter rows,columns not more than 5";\r\n        cin>>m>>n;\r\n        if(n<=0&&n>=5)\r\n        cout<<"enter a valid input";\r\n        exit;\r\n        for(int i=0;i<m;i++)\r\n        {\r\n        for(int j=0;j<n;j++)\r\n        {\r\n        cin>>a[i][j];\r\n        if(i==j)\r\n        sum1+=a[i][j];\r\n        else if(i+j==m+1)\r\n        sum2+=a[i][j];\r\n        }\r\n        }\r\n        cout<<sum1<<sum2;\r\n        }\r\n}\n\nlimit.c: In function ‘void Init()’:\nlimit.c:46:16: warning: unused variable ‘r1’ [-Wunused-variable]\n  struct rlimit r1,r2,r3,r4; \n                ^\nlimit.c:46:19: warning: unused variable ‘r2’ [-Wunused-variable]\n  struct rlimit r1,r2,r3,r4; \n                   ^\ncpp: In function ‘int main()’:\ncpp:61:9: error: ‘exit’ was not declared in this scope\n         exit;\n', 'CE', '2014-10-22 06:14:15', 'CPP', 'NA'),
(724, '160213733301', 'sum', '#include<iostream.h>\r\nusing namespace std;\r\nint main()\r\n{\r\n    int x,m,n,i,j,sum=0,a[10][20],b[5],c[5],d=0;\r\n    cin>>x;\r\n    for(int p=0;p<x;p++)\r\n    {\r\n        cin>>m>>n;\r\n    }\r\n    if(m!=n)\r\n    {\r\n        exit(0)\r\n    }\r\n    else\r\n    {\r\n    for(i=0;i<m;i++)\r\n    for(j=0:j<n;j++)\r\n    cin>>a[i][j];\r\n    }\r\n    for(i=0;i<m;i++)\r\n    for(j=0;j<m;j++)\r\n    int q=i+j;\r\n    if(i=j)\r\n    {\r\n        sum=sum+a[i][j]\r\n    }\r\n   else if(q=m-1)\r\n   {\r\n       d+=a[i][j];\r\n   }\r\n   b[p]=sum;\r\n   c[p]=d;\r\n   }\r\n  for(int p=0;p<x;p++)\r\n  {\r\n  cout<<b[p]<<" "<<c[p];\r\n}\r\nreturn 0;\r\n}\r\n\r\n\r\n\r\n\r\n\r\n\r\n\r\n\r\n\r\n\r\n\r\n\r\n\r\n\r\n\r\n\r\n\r\n\r\n\r\n\r\n\r\n\r\n\r\n\r\n\r\n\n\nlimit.c: In function ‘void Init()’:\nlimit.c:46:16: warning: unused variable ‘r1’ [-Wunused-variable]\n  struct rlimit r1,r2,r3,r4; \n                ^\nlimit.c:46:19: warning: unused variable ‘r2’ [-Wunused-variable]\n  struct rlimit r1,r2,r3,r4; \n                   ^\ncpp:1:21: fatal error: iostream.h: No such file or directory\n #include<iostream.h>\n                     ^\n', 'CE', '2014-10-22 06:14:27', 'CPP', 'NA'),
(725, '160213733327', 'sum', '#include<iostream.h>\nusing namespace std;\nclass matrix\n{\n    int a[10][10],i,j,m,n;\n    public:\n    void read()\n    {\n        do\n        {\n            cout<<<"enter the order of matrix"<<endl;\n            cin>>m>>n;\n        }\n        while(m!=n)\n        cout<<"enter <<m*n<<"elements of matrix";\n        for(i=0;i<n;i++)\n        {\n            for(j=0;j<n;j++)\n            {\n                cin>>a[i][j];\n            }\n        }\n        void diagnol()\n        {\n            cout<<"dignol matrix is:"<<endl;\n            for(i=0;i<n;i++)\n            {\n                for(j=0;j<n;j++)\n                {\n                    if(i!=j)\n                    a[i][j]=0;\n                    cout<<"\\t"<<a[i][j];\n                }\n                cout<<endl;\n            }\n        int main()\n        matrix m;\n        m.read;\n        m.daignol();\n        getch()\n        }\n        }\n    }\n}\n\nlimit.c: In function ‘void Init()’:\nlimit.c:46:16: warning: unused variable ‘r1’ [-Wunused-variable]\n  struct rlimit r1,r2,r3,r4; \n                ^\nlimit.c:46:19: warning: unused variable ‘r2’ [-Wunused-variable]\n  struct rlimit r1,r2,r3,r4; \n                   ^\ncpp:1:21: fatal error: iostream.h: No such file or directory\n #include<iostream.h>\n                     ^\n', 'CE', '2014-10-22 06:14:51', 'CPP', 'NA'),
(726, '160213733039', 'sum', '\n#include<stdio.h>\nint main()\n{\nint t,m,n,a[m][n],i,j;\nint sum=0;\nscanf("%d",&t);\nif(t>0&&t<10)\n{\n    scanf("%d",&m);\n    scanf("%d",&n);\n    if((m>0||n>0)&&(m<5||n<5))\n    {\n        for(i=0;i<m;i++)\n        {\n            for(j=0;j<n;j++)\n            {\n            scanf("%d",&a[i][j]);\n            }\n            printf("\\n");\n        }\n        while(i<m)\n        {\n            sum=sum+a[i][i];\n            i++;\n        }\n        printf("\\n%d",sum);\n        i=0;j=n-1;\n        sum=0;\n        while(i<m||j<0)\n        {\n            sum=sum+a[i][j];\n            i++;\n            j--;\n        }\n        printf("%d",sum);\n    }\n    else\n    break;\n}\nelse\nbreak;\nreturn 0;\n}\n    \n    \n\nlimit.c: In function ‘Init’:\nlimit.c:46:19: warning: unused variable ‘r2’ [-Wunused-variable]\n  struct rlimit r1,r2,r3,r4; \n                   ^\nlimit.c:46:16: warning: unused variable ‘r1’ [-Wunused-variable]\n  struct rlimit r1,r2,r3,r4; \n                ^\ncpp: In function ‘main’:\ncpp:39:5: error: break statement not within loop or switch\n     break;\n', 'CE', '2014-10-22 06:14:56', 'C', 'NA'),
(727, '160213733040', 'sum', '#include<iostream>\n#include<stdlib.h>\nusing namespace std;\nint main()\n{\n    int T,N,M;\n    cin>>T;\n    cout<<endl;\n    if(t<=0||t>10)\n    exit(0);\n    else\n    {\n        for(i=0;i<t;i++)\n        {\n            cin>>M;\n            cin>>N;\n            if(M!=N||M<0||M>5||N<0||N>5)\n            exit(0);\n            else\n            {\n                int a[M][M];\n                for(j=o;j<M;j++)\n                {\n                    for(int k=0;k<N;k++)\n                    cin>>a[M][M];\n                    cout<<endl;\n                    for(a=0;a<M;a++)\n                    {\n                        sum=sum+A[a][M-a-1];                \n                        sum1=sum1+A[a][b];\n                    }\n                    cout<<sum<<sum1<<endl;\n                \n            }\n    }\n    \n    return 0;\n}\n\n\nlimit.c: In function ‘void Init()’:\nlimit.c:46:16: warning: unused variable ‘r1’ [-Wunused-variable]\n  struct rlimit r1,r2,r3,r4; \n                ^\nlimit.c:46:19: warning: unused variable ‘r2’ [-Wunused-variable]\n  struct rlimit r1,r2,r3,r4; \n                   ^\ncpp: In function ‘int main()’:\ncpp:9:8: error: ‘t’ was not declared in this scope\n     if(t<=0||t>10)\n', 'CE', '2014-10-22 06:15:00', 'CPP', 'NA'),
(728, '160213733041', 'sum', '\n#include<iostream>\n#include<stdlib.h>\nusing namespace std;\nint main()\n{\n  int t,N,M;\n  cin>>t;\n  cout<<endl;\n  if(t<=0||t>10)\n  exit (0);\n  else\n  {\n   for(int i=0;i<t;i++)\n    {\n      cin>>M;\n      cin>>N;\n      if(M!=N||M<0||M>5||N<0||N>5)\n       exit (0);\n      else  \n      {\n         int A[M][M],sum=0,sum1=0;\n          for(int j=0;j<M;j++)\n          {\n          for(int k=0;k<M;k++)\n          cin>>A[j][k];\n          \n          }\n          for(int a=0;a<M;a++)\n          {\n            sum=sum+A[a][a];\n            sum1=sum1+A[a][M-a-1];\n          }\n          cout<<sum<<" "<<sum1<<endl;\n      }\n    }\n  }\n  return 0;\n}', 'WA', '2014-10-22 06:15:04', 'CPP', '1'),
(729, '160213733048', 'sum', '#include<iostream>\nusing namespace std;\nclass array\n{\n    \n}\n\nlimit.c: In function ‘Init’:\nlimit.c:46:19: warning: unused variable ‘r2’ [-Wunused-variable]\n  struct rlimit r1,r2,r3,r4; \n                   ^\nlimit.c:46:16: warning: unused variable ‘r1’ [-Wunused-variable]\n  struct rlimit r1,r2,r3,r4; \n                ^\ncpp:1:19: fatal error: iostream: No such file or directory\n #include<iostream>\n                   ^\n', 'CE', '2014-10-22 06:15:04', 'C', 'NA'),
(730, '160213733056', 'sum', '#include<stdio>\nvoid main()\n{\nint t,i,j,n,m,sum=0,sum1=0,a[5][5];\nscanf("%d",&t);\nscanf("%d%d",&n,&m);\nif(m==n)\n{\nfor(i=0;i<n;i++)\n{\nfor(j=0;j<m;j++)\n{\nscanf("%d",&a[i][j]);\nif(i==j)\n{\nsum=sum+a[i][j];\n}\nif(i+j==n-1)\n{\nsum1=sum1+a[i][j];\n}\n}\n}\nprintf("%d%d",sum,sum1);\n}\n}\n\nlimit.c: In function ‘Init’:\nlimit.c:46:19: warning: unused variable ‘r2’ [-Wunused-variable]\n  struct rlimit r1,r2,r3,r4; \n                   ^\nlimit.c:46:16: warning: unused variable ‘r1’ [-Wunused-variable]\n  struct rlimit r1,r2,r3,r4; \n                ^\ncpp:1:16: fatal error: stdio: No such file or directory\n #include<stdio>\n                ^\n', 'CE', '2014-10-22 06:15:33', 'C', 'NA'),
(731, '160213733130', 'sum', '#include<iostream.h>\nint main()\n{ int r,c;\n  int k=0;\n  int a[5][5];\n    cin>>r>>n;\n    for(int i=0;i<r;i++)\n    {\n        for(int j=0;j<r;j++)\n        cin>>a[i][j];\n    }\n    for(int i=0;i<r;i++)\n    {\n        for(int j=0;j<r;j++)\n        {\n            if(i==j)\n            k=k+a[i][j];\n        }\n        cout<<k;\n    }\n}\n\nlimit.c: In function ‘void Init()’:\nlimit.c:46:16: warning: unused variable ‘r1’ [-Wunused-variable]\n  struct rlimit r1,r2,r3,r4; \n                ^\nlimit.c:46:19: warning: unused variable ‘r2’ [-Wunused-variable]\n  struct rlimit r1,r2,r3,r4; \n                   ^\ncpp:1:21: fatal error: iostream.h: No such file or directory\n #include<iostream.h>\n                     ^\n', 'CE', '2014-10-22 06:16:15', 'CPP', 'NA'),
(732, '160213733052', 'sum', '#include<iostream>\nusing namespace std;\nint main()\n{\n  int n,m,t,s=0,p=0;\n  int a[][];\n  cin>>>t;\n   for(int k=0;k<t;k++)\n   {\n  cin>>n>>m;\n if(m==n)\n  {\n   for(int i=0;i<n;i++)\n\n      for(int j=0;j<n;j++)\n       {\n         cin>>a[i][j];\n       }\n     \n     }\n\n for(int i=0;i<n;i++)\n  {\n   for(int j=0;j<n;j++)\n    {\n      if(i==j)\n       {\n         s=s+a[i][j];\n       }\n\n      else if(j==(n-i))\n       {\n        p=p+a[i][j];\n       }\n\n    }\n  }\n  cout<<s<<" "<<p<<"\\n";\n   }\n   return 0;\n}\n\nlimit.c: In function ‘void Init()’:\nlimit.c:46:16: warning: unused variable ‘r1’ [-Wunused-variable]\n  struct rlimit r1,r2,r3,r4; \n                ^\nlimit.c:46:19: warning: unused variable ‘r2’ [-Wunused-variable]\n  struct rlimit r1,r2,r3,r4; \n                   ^\ncpp: In function ‘int main()’:\ncpp:6:11: error: declaration of ‘a’ as multidimensional array must have bounds for all dimensions except the first\n   int a[][];\n', 'CE', '2014-10-22 06:16:22', 'CPP', 'NA'),
(733, '160213733039', 'sum', '#include<stdio.h>\n#include<stdlib.h>\nint main()\n{\nint t,m,n,a[m][n],i,j;\nint sum=0;\nscanf("%d",&t);\nif(t>0&&t<10)\n{\n    scanf("%d",&m);\n    scanf("%d",&n);\n    if((m>0||n>0)&&(m<5||n<5))\n    {\n        for(i=0;i<m;i++)\n        {\n            for(j=0;j<n;j++)\n            {\n            scanf("%d",&a[i][j]);\n            }\n            printf("\\n");\n        }\n        while(i<m)\n        {\n            sum=sum+a[i][i];\n            i++;\n        }\n        printf("\\n%d",sum);\n        i=0;j=n-1;\n        sum=0;\n        while(i<m||j<0)\n        {\n            sum=sum+a[i][j];\n            i++;\n            j--;\n        }\n        printf("%d",sum);\n    }\n    else\n    exit(0);\n}\nelse\nexit(0);\nreturn 0;\n}', 'WA', '2014-10-22 06:16:27', 'C', '1'),
(734, '160213733040', 'sum', '#include<iostream>\n#include<stdlib.h>\nusing namespace std;\nint main()\n{\n    int T,N,M;\n    cin>>T;\n    cout<<endl;\n    if(t<=0||t>10);\n    exit(0);\n    else\n    {\n        for(i=0;i<t;i++)\n        {\n            cin>>M;\n            cin>>N;\n            if(M!=N||M<0||M>5||N<0||N>5)\n            exit(0);\n            else\n            {\n                int a[M][M];\n                for(j=o;j<M;j++)\n                {\n                    for(int k=0;k<N;k++)\n                    cin>>a[M][M];\n                    cout<<endl;\n                    for(a=0;a<M;a++)\n                    {\n                        sum=sum+A[a][M-a-1];                \n                        sum1=sum1+A[a][b];\n                    }\n                    cout<<sum<<sum1<<endl;\n                \n            }\n    }\n    \n    return 0;\n}\n\nlimit.c: In function ‘Init’:\nlimit.c:46:19: warning: unused variable ‘r2’ [-Wunused-variable]\n  struct rlimit r1,r2,r3,r4; \n                   ^\nlimit.c:46:16: warning: unused variable ‘r1’ [-Wunused-variable]\n  struct rlimit r1,r2,r3,r4; \n                ^\ncpp:1:19: fatal error: iostream: No such file or directory\n #include<iostream>\n                   ^\n', 'CE', '2014-10-22 06:16:32', 'C', 'NA'),
(735, '160213733058', 'sum', '#include<stdio.h>\nvoid main()\n{\n int t,n,m,a[5][5],i,j,sum1=0,sum2=0;\n scanf("%d",&t);\n if(t>0&&t<10)\n {\n   scanf("%d%d",&m,&n);\n   if(m==n)\n   {\n    if(n>0&&n<5)\n    {\n     for(i=1;i<=m;i++)\n     {\n      for(j=1;j<=n;j++)\n      {\n        scanf("%d",&a[i][j]);\n        if(i==j)\n          sum1=sum1+a[i][j];\n        if(i+j==n+1)\n          sum2=sum2+a[i][j];\n      }\n     }\n    }\n   }    \n   printf("%d %d",sum1,sum2);\n }\n} ', 'RE_5', '2014-10-22 06:16:56', 'C', '1'),
(736, '160213733041', 'sum', '\n#include<iostream>\n#include<stdlib.h>\nusing namespace std;\nint main()\n{\n  int t,N,M;\n  cin>>t;\n  if(t<=0||t>10)\n  exit (0);\n  else\n  {\n   for(int i=0;i<t;i++)\n    {\n      cin>>M>>N;\n      \n      if(M!=N||M<0||M>5||N<0||N>5)\n       exit (0);\n      else  \n      {\n         int A[M][M],sum=0,sum1=0;\n          for(int j=0;j<M;j++)\n          for(int k=0;k<M;k++)\n          cin>>A[j][k];\n          \n           for(int a=0;a<M;a++)\n          {\n            sum=sum+A[a][a];\n            sum1=sum1+A[a][M-a-1];\n          }\n          cout<<sum<<" "<<sum1<<endl;\n      }\n    }\n  }\n  return 0;\n}', 'AC', '2014-10-22 06:17:38', 'CPP', '1'),
(737, '160213733121', 'sum', '\r\n#include<iostream>\r\nusing namespace std;\r\nint main()\r\n{\r\n    int t,m,n,i,j,sum=0,a[10][10],p[10],q[10],x,s=0;\r\n    cin>>t;\r\n    for(int c=0;c<t;c++)\r\n    {\r\n        cin>>m>>n;\r\n        if(m!=n)\r\n        {\r\n        exit(0);\r\n        }\r\n        else\r\n        {\r\n        for(i=0;i<m;i++)\r\n        for(j=0;j<n;j++)\r\n        cin>>a[i][j];\r\n        }\r\n        for(i=0;i<m;i++)\r\n        for(j=0;j<n;j++)\r\n        x=i+j;\r\n        if(i==j)\r\n        {\r\n          sum+=a[i][j];\r\n        }\r\n        else if(x==m-1)\r\n        {\r\n          s+=a[i][j];\r\n        }\r\n        p[c]=sum;\r\n        q[c]=s;\r\n        }\r\nfor(int c=0;c<t;c++)\r\n{\r\ncout<<p[c]<<" "<<q[c];\r\n}\r\nreturn 0;\r\n}\n\nlimit.c: In function ‘void Init()’:\nlimit.c:46:16: warning: unused variable ‘r1’ [-Wunused-variable]\n  struct rlimit r1,r2,r3,r4; \n                ^\nlimit.c:46:19: warning: unused variable ‘r2’ [-Wunused-variable]\n  struct rlimit r1,r2,r3,r4; \n                   ^\ncpp: In function ‘int main()’:\ncpp:13:15: error: ‘exit’ was not declared in this scope\n         exit(0);\n', 'CE', '2014-10-22 06:17:47', 'CPP', 'NA'),
(738, '160213733039', 'sum', '#include<stdio.h>\n#include<stdlib.h>\nint main()\n{\nint t,m,n,a[m][n],i,j;\nint sum=0;\nscanf("%d",&t);\nif(t>0&&t<10)\n{\n    scanf("%d%d",&m,&n);\n    if((m>0||n>0)&&(m<5||n<5))\n    {\n        for(i=0;i<m;i++)\n        {\n            for(j=0;j<n;j++)\n            {\n            scanf("%d",&a[i][j]);\n            }\n            printf("\\n");\n        }\n        while(i<m)\n        {\n            sum=sum+a[i][i];\n            i++;\n        }\n        printf("\\n%d",sum);\n        i=0;j=n-1;\n        sum=0;\n        while(i<m||j<0)\n        {\n            sum=sum+a[i][j];\n            i++;\n            j--;\n        }\n        printf("%d",sum);\n    }\n    else\n    exit(0);\n}\nelse\nexit(0);\nreturn 0;\n}', 'WA', '2014-10-22 06:17:48', 'C', '1'),
(739, '160213733040', 'sum', '#include<iostream>\n#include<stdlib.h>\nusing namespace std;\nint main()\n{\n    int T,N,M;\n    cin>>T;\n    cout<<endl;\n    if(t<=0||t>10);\n    exit(0);\n    else\n    {\n        for(i=0;i<t;i++)\n        {\n            cin>>M>>N;\n            if(M!=N||M<0||M>5||N<0||N>5)\n            exit(0);\n            else\n            {\n                int a[M][M];\n                for(j=o;j<M;j++)\n                {\n                    for(int k=0;k<N;k++)\n                    cin>>a[M][M];\n                    cout<<endl;\n                    for(a=0;a<M;a++)\n                    {\n                        sum=sum+A[a][M-a-1];                \n                        sum1=sum1+A[a][b];\n                    }\n                    cout<<sum<<sum1<<endl;\n                \n            }\n    }\n    \n    return 0;\n}\n\nlimit.c: In function ‘void Init()’:\nlimit.c:46:16: warning: unused variable ‘r1’ [-Wunused-variable]\n  struct rlimit r1,r2,r3,r4; \n                ^\nlimit.c:46:19: warning: unused variable ‘r2’ [-Wunused-variable]\n  struct rlimit r1,r2,r3,r4; \n                   ^\ncpp: In function ‘int main()’:\ncpp:9:8: error: ‘t’ was not declared in this scope\n     if(t<=0||t>10);\n', 'CE', '2014-10-22 06:17:53', 'CPP', 'NA');
INSERT INTO `submissions` (`sid`, `uname`, `qcode`, `code`, `status`, `dt`, `lang`, `exectime`) VALUES
(740, '160213733044', 'sum', '#include<stdio.h>\nvoid main\n{\n    int i,j,k,m,n,a[5][5];\n    printf("Enter the number of rows and coloumns");\n    scanf("%d%d",&m,&n);\n    if(m<5&&n<5)\n    {\n        for(i=0;i<5;i++)\n        {\n            for(j=0;j<5;j++)\n            printf("Matrix is valid");\n            scanf("%d",a[i][j]);\n        }\n    }\n    else \n    printf("Matrix is not valid");\n}\n\nlimit.c: In function ‘Init’:\nlimit.c:46:19: warning: unused variable ‘r2’ [-Wunused-variable]\n  struct rlimit r1,r2,r3,r4; \n                   ^\nlimit.c:46:16: warning: unused variable ‘r1’ [-Wunused-variable]\n  struct rlimit r1,r2,r3,r4; \n                ^\ncpp:3:1: error: expected ‘=’, ‘,’, ‘;’, ‘asm’ or ‘__attribute__’ before ‘{’ token\n {\n ^\n', 'CE', '2014-10-22 06:17:55', 'C', 'NA'),
(741, '160213733325', 'sum', '#include<iostream>\nusing namespace std;\nclass array\n{\n    int **a,**b,m,n,p,q,i,j;\n    public:\n    void read()\n    {\n    cout<<"enter elments of a:";\n    for(i=0;i<m;i++)\n    for(j=0;j<n;j++)\n    cout<<"enter elements of b";\n    for(i=0;i<m;i++)\n    for(j=0;j<n;j++)\n    }\n}\n\nlimit.c: In function ‘void Init()’:\nlimit.c:46:16: warning: unused variable ‘r1’ [-Wunused-variable]\n  struct rlimit r1,r2,r3,r4; \n                ^\nlimit.c:46:19: warning: unused variable ‘r2’ [-Wunused-variable]\n  struct rlimit r1,r2,r3,r4; \n                   ^\ncpp:16:1: error: expected ‘;’ after class definition\n }\n ^\n', 'CE', '2014-10-22 06:18:17', 'CPP', 'NA'),
(742, '160213733043', 'sum', '#include<iostream>\nusing namespace std;\nvoid main()\n{\nint t; int *p;\ncin>>t;\nif(t<0 && t>10)\n{\ncout<<"error t value";\nreturn;\n}\nint r,c;\ncin>>r;\ncin>>c;\nif(r<0 && r>5 && c<0 && c>5)\n{\n    cout<<"error value of i and j";\n    return;\n}\np=new int[r][c]\nfor(int i=0;i<r;i++)\n{\n    for(int j=0;j<c;j++)\n    cin>>p[i][j];\n}\nint sum1=0;\nfor(int i=0;i<r;i++)\n{\n    for(int j=0;j<c;j++)\n    {\n        if(i=j)\n        sum1=sum1+a[i][j];\n    }\n}\nint sum2=0;\nfor(int i=0;i<r;i++)\n{\n    for(int j=0;j<c;j++)\n    {\n    if((i+j)==(c+1))\n    sum2=sum2+a[i][j];\n}\n}\ncout<<sum1<<sum2;\n}\n\nlimit.c: In function ‘void Init()’:\nlimit.c:46:16: warning: unused variable ‘r1’ [-Wunused-variable]\n  struct rlimit r1,r2,r3,r4; \n                ^\nlimit.c:46:19: warning: unused variable ‘r2’ [-Wunused-variable]\n  struct rlimit r1,r2,r3,r4; \n                   ^\ncpp:3:11: error: ‘::main’ must return ‘int’\n void main()\n           ^\n', 'CE', '2014-10-22 06:19:28', 'CPP', 'NA'),
(743, '160213733303', 'sum', '#inciude<iostream.h>\nusing name space std;\nclass matrix\n{\nint a[10][10],i,m,m,n;\npublic:\nvoid read()\n{\ncout<<"enter the order of matrix"<<end/;\ncin>>m>>;}\nwhile(m=m)\ncout<<"<<m*n<<"elements of matrix".\nfor(i=0;i<n;i++);\nfor(j=0;j<n;j++)}\ncin>>a[i][j];}\n};\nmatrix m;\nm.read();\ngetch();\n}\n\n\nlimit.c: In function ‘void Init()’:\nlimit.c:46:16: warning: unused variable ‘r1’ [-Wunused-variable]\n  struct rlimit r1,r2,r3,r4; \n                ^\nlimit.c:46:19: warning: unused variable ‘r2’ [-Wunused-variable]\n  struct rlimit r1,r2,r3,r4; \n                   ^\ncpp:1:2: error: invalid preprocessing directive #inciude\n #inciude<iostream.h>\n  ^\n', 'CE', '2014-10-22 06:19:36', 'CPP', 'NA'),
(744, '160213733327', 'sum', '#include<iostream.>\nusing namespace std;\nclass matrix\n{\n    int a[10][10],i,j,m,n;\n    public:\n    void read()\n    {\n        do\n        {\n            cout<<<"enter the order of matrix"<<endl;\n            cin>>m>>n;\n        }\n        while(m!=n)\n        cout<<"enter <<m*n<<"elements of matrix";\n        for(i=0;i<n;i++)\n        {\n            for(j=0;j<n;j++)\n            {\n                cin>>a[i][j];\n            }\n        }\n        void diagnol()\n        {\n            cout<<"dignol matrix is:"<<endl;\n            for(i=0;i<n;i++)\n            {\n                for(j=0;j<n;j++)\n                {\n                    if(i!=j)\n                    a[i][j]=0;\n                    cout<<"\\t"<<a[i][j];\n                }\n                cout<<endl;\n            }\n        int main()\n        matrix m;\n        m.read;\n        m.daignol();\n        getch()\n        }\n        }\n    }\n}\n\n\nlimit.c: In function ‘void Init()’:\nlimit.c:46:16: warning: unused variable ‘r1’ [-Wunused-variable]\n  struct rlimit r1,r2,r3,r4; \n                ^\nlimit.c:46:19: warning: unused variable ‘r2’ [-Wunused-variable]\n  struct rlimit r1,r2,r3,r4; \n                   ^\ncpp:1:20: fatal error: iostream.: No such file or directory\n #include<iostream.>\n                    ^\n', 'CE', '2014-10-22 06:19:51', 'CPP', 'NA'),
(745, '160213733059', 'sum', '#include<iostream>\r\nusing namespace std;\r\nint main()\r\n{\r\n     int t,a[5][5],p[10],q[10],r,c;\r\n     cin>>t;\r\n     if(t>0 && t<10)\r\n     {\r\n     for(int k=0;k<t;k++)\r\n     {\r\n         cin>>r;\r\n         cin>>c;\r\n         if(r>0 && r<5 && c>0 && c<5)\r\n         {\r\n         if(r==c)\r\n         {\r\n             int sum=0;s=0,x;\r\n             for(int i=0;i<r;i++)\r\n             {\r\n                 for(int j=0;j<c;j++)\r\n                 {\r\n                     x=i+j;\r\n                     cin>>a[i][j];\r\n                     if(i==j)\r\n                     {\r\n                         sum=sum+a[i][j];\r\n                     }\r\n                     else if(x==(r-1))\r\n                     {\r\n                         s=s+a[i][j];\r\n                     }\r\n                 }\r\n             }\r\n             p[i]=sum;\r\n             q[i]=s;\r\n         }\r\n         }\r\n     }\r\n     }\r\n     for(int i=0;i<t;i++)\r\n     {\r\n         cout<<p[i]<<"\\t"<<q[i]<<endl;\r\n     }\r\n}\n\nlimit.c: In function ‘void Init()’:\nlimit.c:46:16: warning: unused variable ‘r1’ [-Wunused-variable]\n  struct rlimit r1,r2,r3,r4; \n                ^\nlimit.c:46:19: warning: unused variable ‘r2’ [-Wunused-variable]\n  struct rlimit r1,r2,r3,r4; \n                   ^\ncpp: In function ‘int main()’:\ncpp:17:24: error: ‘s’ was not declared in this scope\n              int sum=0;s=0,x;\n', 'CE', '2014-10-22 06:21:09', 'CPP', 'NA'),
(746, '160213733037', 'sum', '#include<iostream>\nusing namespace std;\nvoid main()\n{\n    int t,*p;\n    cin>>t;\n    if(t<0&&t>10)\n    {\n        cout<<"error t value";\n        return;\n    }\n    int r,c;\n    cin>>r;\n    cin>>c;\n    if(r<0&&r>5&&c<0&&c>5)\n    {\n        cout<<"enter value of i and j";\n        return;\n    }\n    p=new int[r][c]\n    for(int i=0;i<r;i++)\n    {\n        for(int j=0;j<c;j++)\n        cin>>p[i][j];\n    }\n    int sum1=0\n    for(int i=0;i<r;i++)\n    {\n        for(int j=0;j<c;j++)\n        {\n            if(i=j)\n            sum1=sum1+a[i][j];\n        }\n    }\n    int sum2=0;\n    for(int i=0;i<r;i++)\n    {\n        for(int j=0;j<c;j++)\n        {\n            if(i+j)==(c+1)\n            sum2=sum2+a[i][j];\n        }\n        cout<<sum1<<sum2;\n    }\n}\n\nlimit.c: In function ‘void Init()’:\nlimit.c:46:16: warning: unused variable ‘r1’ [-Wunused-variable]\n  struct rlimit r1,r2,r3,r4; \n                ^\nlimit.c:46:19: warning: unused variable ‘r2’ [-Wunused-variable]\n  struct rlimit r1,r2,r3,r4; \n                   ^\ncpp:3:11: error: ‘::main’ must return ‘int’\n void main()\n           ^\n', 'CE', '2014-10-22 06:21:23', 'CPP', 'NA'),
(747, '160213733307', 'sum', '#include<iostream>\r\nusing namespace std;\r\nclass matrix\r\n{\r\nint m,n,i,j;\r\nint a[3][3],b[2][2];\r\npublic:\r\nvoid matrix(int a,int b)\r\n{\r\nm=a,n=b;\r\n}\r\nvoid read_matrix()\r\n{\r\nfor(i=0;i<m;i++)\r\nfor(j=0;j<n;j++)\r\ncin>>a[i][j];\r\n}\r\nint add()\r\nb[0][1]=a[0]+a[3]\r\nb[0][2]=\r\n\n\nlimit.c: In function ‘void Init()’:\nlimit.c:46:16: warning: unused variable ‘r1’ [-Wunused-variable]\n  struct rlimit r1,r2,r3,r4; \n                ^\nlimit.c:46:19: warning: unused variable ‘r2’ [-Wunused-variable]\n  struct rlimit r1,r2,r3,r4; \n                   ^\ncpp:8:24: error: return type specification for constructor invalid\n void matrix(int a,int b)\n                        ^\n', 'CE', '2014-10-22 06:21:55', 'CPP', 'NA'),
(748, '160213733045', 'sum', '#include<stdio.h>\nvoid main()\n{\n    int i,j,k,n,r,c,sum=0;\n    printf("enter the number of test cases");\n    scanf("%d",&n);\n     if(n>0&&n<10)\n     {\n    int a[5][5];\n    printf("enter the number of rows and clolumns");\n    scanf("%d%d",&r,&c);\n    if(r<5&&c<5)\n    {\n        for(i=0;i<r;i++)\n        {\n            for(j=0;j<c;j++)\n            {\n             scanf("%d",a[i][j]);   \n            }\n        }\n        for(i=0;i<r;i++)\n        {\n            for(j=0;j<c;j++)\n            {\n                if(j==i)\n                {\n              sum=sum+a[i][j];\n                }\n              \n            }\n        }\n    }\n}\n}\n', 'RE_11', '2014-10-22 06:24:45', 'C', '1'),
(749, '160213733040', 'sum', '#include<iostream>\n#include<stdlib.h>\nusing namespace std;\nint main()\n{\n    int T,N,M,i,j;\n    cin>>T;\n    cout<<endl;\n    if(t<=0||t>10)\n    exit(0);\n    else\n    {\n        for(i=0;i<t;i++)\n        {\n            cin>>M>>N;\n            if(M!=N||M<0||M>5||N<0||N>5)\n            exit(0);\n            else\n            {\n                int a[M][M];\n                for(j=o;j<M;j++)\n                {\n                    for(int k=0;k<N;k++)\n                    cin>>a[M][M];\n                    cout<<endl;\n                    for(a=0;a<M;a++)\n                    {\n                        sum=sum+A[a][M-a-1];                \n                        sum1=sum1+A[a][b];\n                    }\n                    cout<<sum<<sum1<<endl;\n                \n            }\n    }\n    \n    return 0;\n}\n\nlimit.c: In function ‘void Init()’:\nlimit.c:46:16: warning: unused variable ‘r1’ [-Wunused-variable]\n  struct rlimit r1,r2,r3,r4; \n                ^\nlimit.c:46:19: warning: unused variable ‘r2’ [-Wunused-variable]\n  struct rlimit r1,r2,r3,r4; \n                   ^\ncpp: In function ‘int main()’:\ncpp:9:8: error: ‘t’ was not declared in this scope\n     if(t<=0||t>10)\n', 'CE', '2014-10-22 06:25:41', 'CPP', 'NA'),
(750, '160213733040', 'sum', '#include<iostream>\n#include<stdlib.h>\nusing namespace std;\nint main()\n{\n    int T,N,M,i,j;\n    cin>>T;\n    cout<<endl;\n    if(T<=0||T>10)\n    exit(0);\n    else\n    {\n        for(i=0;i<t;i++)\n        {\n            cin>>M>>N;\n            if(M!=N||M<0||M>5||N<0||N>5)\n            exit(0);\n            else\n            {\n                int a[M][M];\n                for(j=o;j<M;j++)\n                {\n                    for(int k=0;k<N;k++)\n                    cin>>a[M][M];\n                    cout<<endl;\n                    for(a=0;a<M;a++)\n                    {\n                        sum=sum+A[a][M-a-1];                \n                        sum1=sum1+A[a][b];\n                    }\n                    cout<<sum<<sum1<<endl;\n                \n            }\n    }\n    \n    return 0;\n}\n\n\nlimit.c: In function ‘void Init()’:\nlimit.c:46:16: warning: unused variable ‘r1’ [-Wunused-variable]\n  struct rlimit r1,r2,r3,r4; \n                ^\nlimit.c:46:19: warning: unused variable ‘r2’ [-Wunused-variable]\n  struct rlimit r1,r2,r3,r4; \n                   ^\ncpp: In function ‘int main()’:\ncpp:13:19: error: ‘t’ was not declared in this scope\n         for(i=0;i<t;i++)\n', 'CE', '2014-10-22 06:26:34', 'CPP', 'NA'),
(751, '160213733040', 'sum', '\n#include<iostream>\n#include<stdlib.h>\nusing namespace std;\nint main()\n{\n    int T,N,M,i,j;\n    cin>>T;\n    cout<<endl;\n    if(T<=0||T>10)\n    exit(0);\n    else\n    {\n        for(i=0;i<T;i++)\n        {\n            cin>>M>>N;\n            if(M!=N||M<0||M>5||N<0||N>5)\n            exit(0);\n            else\n            {\n                int a[M][M];\n                for(j=o;j<M;j++)\n                {\n                    for(int k=0;k<N;k++)\n                    cin>>a[M][M];\n                    cout<<endl;\n                    for(a=0;a<M;a++)\n                    {\n                        sum=sum+A[a][M-a-1];                \n                        sum1=sum1+A[a][b];\n                    }\n                    cout<<sum<<sum1<<endl;\n                \n            }\n    }\n    \n    return 0;\n}\n\nlimit.c: In function ‘void Init()’:\nlimit.c:46:16: warning: unused variable ‘r1’ [-Wunused-variable]\n  struct rlimit r1,r2,r3,r4; \n                ^\nlimit.c:46:19: warning: unused variable ‘r2’ [-Wunused-variable]\n  struct rlimit r1,r2,r3,r4; \n                   ^\ncpp: In function ‘int main()’:\ncpp:22:23: error: ‘o’ was not declared in this scope\n                 for(j=o;j<M;j++)\n', 'CE', '2014-10-22 06:27:24', 'CPP', 'NA');

-- --------------------------------------------------------

--
-- Table structure for table `users`
--

CREATE TABLE IF NOT EXISTS `users` (
  `realname` varchar(30) NOT NULL,
  `uname` varchar(12) NOT NULL,
  `password` text NOT NULL,
  `salt` text NOT NULL,
  PRIMARY KEY (`uname`)
) ENGINE=InnoDB DEFAULT CHARSET=latin1;

--
-- Dumping data for table `users`
--

INSERT INTO `users` (`realname`, `uname`, `password`, `salt`) VALUES
('James', '160211733074', 'c101c2d7c2c11ebbd292f451f1661287322c13404b05cdc8a83b1791517d4178', 'ls8EN8XhsEVCtWib4TmgUkMd2GfYxD'),
('medha', '160211733095', '64db9dbaeeffae440718d3206fb8f31d2126182afe9f4d18366a2f38200d2409', 'GNc80TDg5xBOnOkAQixWY7sJJQNizz'),
('Akhile', '160212733001', '2461f79f976a0b4d0e46ec0e05f2e974b04bf220d94629207ffb5a15753dfa92', 'Ml1YiP6XPmplxs7YdfSv9vOexT6GZS'),
('chiranjeevi.v', '160212733006', 'e3fd881cc9bb5917b15320d79b258a8230d0043a3e72de65474ce39169066a84', 'VzZPzsCLNWsgUWexPizRVCwjcStTnA'),
('Gouthami Mogili', '160212733011', '824014d313622cf4fa0dbbbb65dd399684497e666251b1076de8fbebf317a216', 'fdLH4I9neoW50qibLiNTBYLDxTCHhY'),
('MS', '160212733019', 'e37f08a16cb402dc9b384a3600414e464607b173cb511e9a94a5daa82cdaac6c', '0urDmTvrLfkxnYQx00ZSoPHx6Xf1rL'),
('K.Narsing Raj', '160212733023', '3c9548d158d0ffadc30ecf0f730992b0658147dd4cd886a5717d54a38891c85f', 'ISyDxJqklHgNoeymbh7yOWski2astL'),
('Naveen Kumar', '160212733024', '6dfb29b18c0fe265f5c0adcd9ab2358234377971ec59be2bc345abd289494e48', 'Krfc5C6A4RQopemgLngKfFAXcGUsHm'),
('phanindragadde', '160212733027', 'c46ac4c106fe5161274fad9bd2ca9f319a62779b5da10837e8ed00fb28dbd77c', 'G9Fx4HLeZyJWmSJeuSskFERKAnUt1Y'),
('nikitha', '160212733031', '1031470c7ef40d3232cfe83d519a41bf94a801631abc1072418fbc6789ad735a', 'S4llBgY8csB7YLH9QO96xRJcSTRHdR'),
('rajashekar', '160212733033', 'fdd33a4f5ed0daacb7cc69dbe77cedd388d8fee8d16c260793a6a623b021467a', 'sRU0tMclkGtYuXDS421C2FnzlaHv67'),
('Rajesh', '160212733034', 'c6a46e5dd45a4279faf99c7289eca22f7bf8dd16a7eb40d6e6467d31569be3e9', 'hxUEaNNCgWrHXLXWJLnxOUwmzP9rB1'),
('Ravi Badisa', '160212733036', '4606531e9187de2e7818580d733258f103f6e9a4a7882a6eb191f00956228067', 'VsvL7vza0yTSPHeIK2O9uR8Ho2QwZN'),
('B.Sankeerthan Reddy', '160212733044', 'a101019569ab600893cd55ee0f45e09dff892adb7ae708e66337eb672dae2269', 'AfZwgbQT1kmpFFi9ytsT6shddXIYL4'),
('santosh patil', '160212733045', 'c6d3de48a0d967d7f8eccf1e2ca97239a3eb2f6c4bd950e86330c403a38af315', 'IcNAJvpPRaVJoYn93bxt2X9HZI7Np8'),
('Sara Nabiya', '160212733046', 'fbe8451728e55465025a44f8d2d8b9f30946a314a9d969524bb51dce2c11f61b', 'SxrQWsjwezQBtdakZC8jaS1z7Z9old'),
('Shashank', '160212733049', '9704374a13e8d937e8dcc8bf8a56393cec207295f099f3de5d720c04611e0b85', 'z8lmI5R7UIiQsHPQQS2nm5lvMkdU8D'),
('patha sowjanya', '160212733053', 'e0813b1d2a492e10ab152e2705d75a5ed674c73363c92d72b71761bfa48c2e81', 'SNOdmeezmE0DQ4smleCXGjLZ3V7UW3'),
('Chintam Tarun', '160212733059', 'd66fe6d137752943b292386295dd5429606cfdf3998b50b70031b0639b7024cb', 'NDHVi8xRKA0LVEX8Cu4u98u6z6N2u6'),
('Aarthi', '160212733062', '71bebde35d6c136e330dae9ffd7a51a4c221093fc4d66a049057aba8c2021ca0', 'Ww87ktZJ5mxZjPA76f0nXoJEDolXI2'),
('abhinay', '160212733063', '4647e63be2ab3708643ee32b7dd98b39d67065377ec1eba27a3ca76ab95f04ea', 'DkEaeX0x8xNnjZj2ahLw1azR16cEMq'),
('Chandra Mounica', '160212733067', 'ab71cdfc228cce08fffe9fa13353c9b745acb47d901e24f7db48d7b897355126', '57xTjPjbxfeLcVJaXImKo3PRwlDGew'),
('Gnyani', '160212733071', 'c5e97c94383afcba105eda1d0d8240e0f1d38f732c37e4bfac5a1c8d68d7cb71', 'ryznhCgB1oWd9IJU7V3SZvfhbzXD5e'),
('Harikiran Yalavarthi', '160212733074', 'ae2e501db4f40e0184598b373fbd4e4fe33e40abad1670e3c425e247599acea3', '3c9wkzd5hbZRGOCGbmhbdiUxLRCik5'),
('kaushik', '160212733077', 'f540a6c8f2179ac8e8c069fb02c5e056e4709f3db62447008033b1e32037e635', 'zEpdNAjMplKViUtwnQ3yzkY77BzZ2v'),
('Ch Likhitha', '160212733080', 'fc8baf7d5c8b4478d96d6d8835fec2aaf59d7b075e28ce657f9eb1e75f9a224c', 'jI7YfcG1qGzaCV3laxeCSThJES7yl9'),
('V Lowkya', '160212733081', '219f5e69fe4e728ce682323cf9066bec01ced1654ea1c2cf47c6767ddd57e765', 'XYFqignHvVoS73eZ4UPn3Q3aWKZCQk'),
('navya', '160212733086', 'e83ad9592ff54cd11d3a987760178dab9b8ea9fc720caa128ab4c41f61642603', 'G0JlOtadZrXbQi2KcHmAshH5YvwMxl'),
('Pratap Raj', '160212733088', 'c7b77d215fede7ab005e0390ab69effcca5d81dc3fd9a6014cfbc1ea7c0d188d', 'O3ymeH1uAgMiXEM629P8l0siBkCJ3l'),
('D.Pruthvidjhar Reddy', '160212733089', '81c407bc0b4c10e9b8d886bdf3682b4b17383d223ee6725413bbb2ffafe0ae59', '1SpAeDhg8SxUbuzXBB7qKtrcL3xnNA'),
('rezwana', '160212733091', 'ddb9b8262a5bcf4bc0fb773a8e0bbbd752028ac212ad145c91e22e968120c2bd', '15WmqxCpGPRhWP3EYTt8Z0ZJdRC5zQ'),
('sai dixit', '160212733092', '6f840842d301550b1a6e0812d8bfa8f7b401aa8a230ffb97f6bc7217364cd769', 'hBReMHrg1xy95u3sm6EbIeJiAhVdcG'),
('sai srujan', '160212733095', 'c1787174679eb505d435aa3ed65c9f0b6d0391923b58081e3848ce48b3a6467c', 'dAOcipRHW3dWGYY1YbMFH5stvMaTTW'),
('Shivani', '160212733104', 'ad5bc8916500604c78d2212816ac7341f68ab07b925ae48d2c18aecf2d67c8dd', 'BhdRu3EWcKs6vYXUkp6RbnapNWacO2'),
('Shravya Kodati', '160212733106', '812a43537ee49906d5f7ff57b62df6c8740d5dca08df504a5840696a30ebef09', 'qx93K6uxZ2mFaRif4b09HHMIiHbeua'),
('sushmithagarlapati', '160212733109', 'b9ecd097b4c2295f46d2d99ee687667f01258c94c95813b7f73e70bcca108272', 'tD5eREu7iy02QnE2M7mgE89npmXqcO'),
('Swapna', '160212733110', '0b008677efc70122175b1e70f0370800d78d290ab03f49f2601675a6b5c316df', 'BFyKNTdMCi8aisZTA69At6ZdLCB6Ak'),
('vasudev', '160212733113', '2a47d3fdaa3532520ece3563cc9e8a283a95b49fb068967560dfe712eb1d6082', 'xXEPPnUnxgYeaI2yvijpdg2mWW5TN3'),
('pvkchaitanya', '160212733114', 'b995c587ef699757d8398ed7334af97a70d70f57d0fbd8786b648d0f550934d2', '0uiRI5y9lAHTKNoNgKTUWC9FUJXQXa'),
('Yella Venkatesh', '160212733115', '2246b0ec4e038cb404aa53eb432824369accf816ccf42f394e44a7533d3e5c5a', 'JPs8pHLHXTAvOLZnJAZQ1JjtW5wttk'),
('Vidya Devi', '160212733116', '1d4fbf8954ec16b773788962c1ef7936aa6439a0801ad209df69bd90f5475d63', 'p7gcQNs96vTKwQplrbxMgieqLKoSS5'),
('vinitha', '160212733120', '1954625747cbd53c4f1d76ac8025c9e61a4f0a9f4b800ccbc8a61d978681a51f', 'yACcXrMSxPG7uC5dSL5wHC1AVsWNZz'),
('Chandra Mounica', '160212733125', '26932b404d139162b7f8573b701bccbd8da9c636058e05fbb06501c764053515', 'WAVSXmqAL6pDomsr1rluAluz5IrIN1'),
('vulpe kranthi kumar', '160212733318', '803525f3923f09042d337fd1bc39582860dbced209e05a544900bbe606cc2296', 'bRjizjbJeiQF4bxV8aXGbYIDoFrp3n'),
('geetha', '160213732101', '30871fb3da43a3a440e7bfd737cce515ebb164f05d75ebee9e158be0bc4bde74', 'I0IdNHY0uvfleAmfVMyPRaGereZtkl'),
('geetha', '160213732121', '294860d6892da061824c16b6c78bae13b859d7e309406123bd685a8006a91768', 'ADnK6oDyTPyJoEp5oXCPqM7pmngHRm'),
('ajay varma', '160213733001', '7a07acce1c42f725c66f81abed4dc4032e644a381413a81d44a1f6983a7eee4f', 'OYvRag0ieGLuZQvKUOsWWbkpz4kZK4'),
('akhila', '160213733002', '4c9288dbd37b19c9f029d2a10e1cf03b4396cd776263d83b69808829a6add816', '9ny6KbE5YBOFyZvWHbGv9wPr7QVmku'),
('Anusha', '160213733003', 'd6ace70348a758da8c0680a38fae36cdeb6019653d49aaff7bbf2c66e5ac53ec', 'JAz3d9Ob0yEwAUkUUNyHskxJb4Zky8'),
('anvesh', '160213733004', '09c111afb9f470c6814f1bf97d167da2014bc45c621908fb318c2fca6e8ba48b', '44gYZoB6qqv2mJH7fqqc55mBkPLbWd'),
('aravind', '160213733005', 'e6ad6405bb106490030ccc3e73917d3db55a99e68a74f4dc5b4a612d3d149329', 'vitCgbuHoAvJudQ9FjnXvzqB5dP32X'),
('b.mohinilakshmi', '160213733006', '133abc4c6108e07aba5e312463ed2f818087c55f8759b6e45cbe1933028f68ac', 'kioniLFSmXdPKG0ObjvVTGHLz83psw'),
('B.Chandra Sekhar', '160213733007', 'ccb53178c22c6931f38aa3cb03aec726defec032d8c746ee2c4667b53fb1ffbf', 'plYkgZNGYoZpu9jQhlXPkzDH5WAkx1'),
('Deepika pallem', '160213733008', 'e282aea104748a241ad4fab9504528dc4f0bd9fbecaec0648e00f4bfdb3f55f8', 'UAWD8He6zTPzNS4vTSNSsBm9BhBiUD'),
('krishna teja G', '160213733009', 'bfb9012caeb0165fb1b7ed1c0e9c276d394925a30c541e12abacac80eda81583', '2l8pTKJweJZXh9RjJkPFP8RCiTqhks'),
('gautami', '160213733010', 'a8e29bc126dc90b52672c3f06437c1fce7d6ee289863b7b4815a0bb8c27a650c', 'V0ruqQUKqYG8ntXwhXtfAvq9gIyzMG'),
('gopichand', '160213733011', 'abbd0dacf4acf966094c998719e9dee70b680be51dded543e73ffebdefae68f3', 'jmrXR26vRsBYrPNibRZYbN3X1kkIOG'),
('HARINI', '160213733012', 'a46a89f8ed64fdcbb67943bd65b6455002ec294bbf44119a7dd6c74d89560e9f', 'ebOsxD7BBL9IK3Z2Osfh9s0FC1SUwC'),
('Hepsiba', '160213733013', 'c5155e89601b4169ce2db33b8a6183eff5cda50b7935d902c4a8ab3a4db5f8ad', 'L3YPd0eTmxisNmvYCIHrphejgjWxNv'),
('Himaja Suryadevara', '160213733014', '937c6db0742879115b3a286a8f0afefc086e17941aad8d534ea6f118d6735458', '1eZ73qF7YuEXvLpKS6V4MOE2rMzdBk'),
('Alvin Jaison', '160213733015', 'a2d05cd2a0a34cc9db542809100f76f8523f1bfcdd05390b514f6df501961083', 'taJDuAe54XpqOZC6NVG5EsXQrOhmLI'),
('kiranmayi', '160213733016', '2db7aae177ccad9bcad11f470801842d330226e4b40afdfd2e4b9b4459b095d4', 'pOZdo1qnYBO3fLZfOdkoKbEtFnjYE2'),
('kireetigoud', '160213733017', '9cf07e1be8a83295ae8d98f160c4f807d588d52c9229910a21cdba14d5a12a48', 'b2Yf8nbdRmR3BQZn5a0hw9TkCa8DB2'),
('amreen kousar', '160213733018', '64e15395ddee4b0357c06901e97a0738c6606f7352b50a80ebdc197ccb9af59c', 'ftRS7DCEY1IPTRZnuRMLPgWYwLOsEA'),
('Krishna Chaitanya', '160213733019', '66c8f9422bbab8ab2d80f6e0785ca14e1a75be448f13e03b4ef72762c0b45a36', '9PiQvxH3d3snEQE1DTSHwEfE86lAQH'),
('KrishnaPriya', '160213733020', '8b1b34f838f2593dc6dc59e90caf4db013de936d8c8f620aa1216559eb333a5b', '74eXug4DXCJwk5NjZ9ngLM23ZrUWw5'),
('D Mohan Babu', '160213733021', 'c386cde22005dc378196a9f7f4c4a5d43974c7aa433ab7a281d393e691463a42', '4p6s0jfqqFG9JkNWqTkAjTGE7HjsSM'),
('manasa', '160213733022', 'f1fa477a6d13d34b675935c15f6fe4ab174a890a6f77498e7cbf84652d33c104', 'CRbnfWTmyUK1ScSA4OQKscLJUkdfLG'),
('Medha', '160213733023', '07853031840a02c2598f4f3669a972b3a36fa41493c41395a954e5de3052f96c', '5l6ZHQIKFTzxFP8tVwo7ahOACYltYW'),
('meenakshi', '160213733024', '3ec405651d0a2cb21dafa08cd86230c50c7e397fa6c1b2a0c7bdd25c45578d01', 'YMMqPu0Q0v6VfMU1teBUbJNQ1c5vmx'),
('NEHA JONNALAGADDA', '160213733025', '7e09f6f506ed43071cfb24e4bcebc8d46bab90fe6c0795656aff35b1739d6799', 'LI0G1CtHNvSFOIGIg7RqU2STVjHI3j'),
('nireeha reddy', '160213733026', '4d5f94a26834a94babace7dfaa1b707ea52b5bef2e533da92d2ba6b3ef1cee40', 'Ee8AnX6glShpTrMgSDcxCVCrYgDIi8'),
('paul', '160213733027', '7eacb8ce42799fdfdf958d0284fd768c1f39f50eb580973221b8e939b49c2a26', 'S9rvku6oIXacm1K88EqWmjhOTXWu45'),
('preethi', '160213733028', '75c1b1597ef3d38896079dfdeb8239c6d01b8967ce1280779d354cf4fb55a388', 'y277LZla1G6LGBv7AH7X4s3uZPUsGj'),
('rajeshwari', '160213733029', 'f1c1f1c70f81f79458859086d9c5bacb92861aaa75f3ec830ed668ad5488559a', 'sV20QmJbtfFCyhH03pDiMMS7QbOH1y'),
('G.D.Raveena', '160213733030', 'ae82d7a6085e96e8d13f4ff2615259d3f640ed03a6cad1d666927fcc568e80d6', 'xZvx0pbc3tbxwa6jMW1JDNxusaKQ52'),
('Ravikiran', '160213733031', 'dab02dfdf77696f841161f99f8ce9301850a99017d18aa76fad46a304aa3a0f6', 'tRu19lQzS1hpAuwTLQLSoFKHU3GbiB'),
('J.RAVITEJA', '160213733032', '4ec25eebb0325d1405a0588a708e28a0ed7dbcb6af65c6ea0ed44f2eececab89', '1j77mGgrdSa9rTqYnc76RJRieZIKmW'),
('Rupa', '160213733033', 'a9fa57135cca33db0be66048b9dbd2c191db10f2e1402e36eaaf11d5625e1963', 'hANzwWigjyQ10Sw2rSV1X28dokLl7c'),
('B Sai Aravind', '160213733034', '985a4ea5e5fb80f41163f285aaf56ec8541865ee0554103707f2ec341026bf27', 'CFb0RBMX07lz2NzcoJGI4woqwfWbIv'),
('p.sai chandra reddy', '160213733035', 'a133ccc298e5538b2ce4d8f4ba88f4250905d3b859a47f20523033b886aacb70', 'wugaA3cWdJ0aSBSHwfxSDNeycNE3En'),
('ishwarya', '160213733036', 'c96504abeec6841537eecedb53099f4423114f49a0edd5a337c433f751757ebc', 'SMsSZzSIk9eoJt7Cv0DAxJn397rdb7'),
('praneeth', '160213733037', '83a92229373182a935c71abb9c1ad455767a6ffb8f5c73984479b44682c52e25', 'qWVIUZlL2FCc2gZhGwxwdlTcuG12kQ'),
('sai raghava', '160213733038', '307cf4425fbf6fb454aa4d14bab069ea3b42eece457ad129e83994dda36d6875', 'DDLdFmvGhKzQjKxq7QwEy06eVGno7S'),
('gsairavali', '160213733039', '73686e5003c16b4269c7e2d5f974342cc0f5edf936782d56853e344bd18c5805', '05piqX8TDTlY1dgwEaDC7cZ9TuSmF8'),
('saivarun', '160213733040', '8d07fc9a11d0b62e0e5b641a279584c0cc875b7008594cdf6df5a5982de59d26', 'CV4qg6lAD1qxJzZ5kc8a8qrIwQ1t1l'),
('keerthan', '160213733041', 'f26ba3a196670afc97a06024d34b788d0612a9466c610e328dbaec4ccfd09d20', 'EnQotazRWFQZFjasEmFQpsekkrKCjW'),
('sanjana reddy', '160213733042', 'a6b8886e7563843d98101664556540419e6c0f7124859f17c7ccd184b43781cb', 'eZPpaJzYDHsmV90jl196NMC9ZsK2iv'),
('santosh', '160213733043', '8f4fea3f50a0e47bcfbaee26667c84cf4f844cf9ee8e42b6b8851313e5067935', 'e9dLay646QIoSeyYal0s1ZX4IK1beH'),
('sasipreetham', '160213733044', '93e47462b3a46c75b8fa3d0f0b8ff5ff671b7e6367cb44676ab9fcd36d83cd19', 'rXRcnkRulAEbnf6gnEiGdlfap9bsxA'),
('shabnam', '160213733045', '86ce4928c0123aa31f78850df9041f080cc7375a36739e195b31f3bfb2f8d5a3', 'ZYxQbVb3pxD4I1jPhGuAnHVCSlM3Nj'),
('siddharth', '160213733046', 'ba389d91c7f58008247c764a1468d4c87b727c0d5567f8a7143ea6ad67b2a969', 'PlN9SZvZOQdTobCE5E4wuSZTsha9Y5'),
('soumya', '160213733047', '5a0dbdec6e46a6357ed15d55d45dc9744d1d0afe8f9ae61c7834d2ba09f8d66d', 'vaWAoZwYObPicQ3v6pPYYz1NLnsGFw'),
('sravanth', '160213733048', '221f237cea8e1f9adb8826560d12dfc0f6ceae5c0707ac799b5df7a4ca2006f4', 'clxPq19vr3FA6G4xzBguj5glIlMRRP'),
('srivalli', '160213733049', '958713a5a85d597477f216aa6e89c3dc01f53cb7f1d256fafbab213f02cd1059', 'TfPLOuvW4Eski4E0js9TYqh1qtFAFj'),
('p.srinika', '160213733050', 'bacee0ed3e3ad81cb4afb4dfbbd3547351fcec5e5a4deabac77b259e61c99f03', 'NHZjiNHnUKBafQSTlQUYuQ6KEvwlua'),
('srujan belde', '160213733051', 'afb422cc4fd6400f0364f57b47cf01dc82dcb892d3b4d01369b96bde30647eab', 'o6FWGF8MM1f5KoRPcvitdyp0ohyRPT'),
('KODAVATI SUSHMA SRI', '160213733052', '1ad3e7f06d59471d2509262064e22d33a814abf420c1c4594f8bc6033004bce1', 'glvQctKi7s243jtRmKzjV3xJidrISz'),
('Akkineni.Susmitha', '160213733053', '62f3201d0a4d69bc1fc90a25d42593db2d0e12ca7e10c9ad8d09bc0ff6acd6dc', 'e4lNlNbUCl2ClDK7UBUHItamHa0F43'),
('Varsha', '160213733054', '18e1c45b05eba1d88d98bbafcf68e43020ba1e29f75d0f512bb3ecde8edf4744', 'hKjzI4v2DgxNI4RsjAlxM1GZhkiBlq'),
('akhil', '160213733055', '3a23bdb1d4cef29831718866f2dc2752b06c7e44881425b6e676daa7fd01ec45', 'LEgP5xVq8zsy6c76hsjqCsQ3anUcRV'),
('M V Sahithi', '160213733056', '914a5390d2f61db552349448d2229fda7c19d9705888e4df9927d887863e2ec1', 'Ahqd0Ht3BrEYJ8u2xo2XR4XZWtdbBP'),
('SAMHITHA.V', '160213733057', 'ea90bc0066de2d6037fe6a09619df7a6623aa7aa68d9782dee68b07b3e8bbe6f', 'wS9uMS7iVoZeAJYc5yau63vWEqZn4Z'),
('GANNU VINEEL', '160213733058', '31dfc1fe3312ad24a1aefd1c95ac1495b14170e3ec13c5530f4b700285c797ed', 'Bt66zBuBEhYYb0Ep2I7EwTtTvviSj2'),
('vineetha', '160213733059', 'af80353a1faed7ff5cb84aa76ad38b7c2bed6bb0355918dd781963ac66056566', 'RmXUJDw3gGibKJClAYoxS0QBU2JE0M'),
('Tejaswi Gollamudi', '160213733060', '122de1069ae5520b642d0ecafb532b95f993412d9efb2ee89c439c3e2f4c4d7e', 'lYaNlbzxRx2e8M9qO4u735O47XTPbg'),
('POTTIGARI HARINI REDDY', '160213733061', 'f6ece427391d44edb532300911bc68ec91ab5f87a7f927ef382ec4239eb3ad2e', '8Isjk8J3ByDqWzUKPhKRchT8xExoN0'),
('D.AKHIL', '160213733062', 'ef091ecd5d6b4cd8d0fa82536c25242ca763fe58643f8f874f24418c5a64539e', 'BbpH5EhP5F7PPuJQCbMCTu6LiXLE7t'),
('P.Akshay Kumar', '160213733063', '8dcacae4ef256a242236a561838625cf298052050986607fe17b6c1521e5ebfb', 'b5uFG3Dz7yt2nxBNLv659pAASI8yLn'),
('anirudh', '160213733064', 'b8434ddd5603a5ff254bf65f435793317b58f9cb6a84d10f69bf9721a77b6f30', 'XgNlxbDH0DAKZMHmv3L8vSSzjJgXsJ'),
('ch anji reddy', '160213733065', 'b5c8c1a6c86ce02dd5eb62fc41e42d227389940d344bef949105a6fda0d9a55d', 'Hgm5iE5qVtSVZf3fve5wYEonuZ5hdG'),
('Himaja', '160213733066', 'bac2b7a0b0a2ba9df2f37eeca82f1cbe8793b0a3299fce172034511237c7f366', 'Ps9JL33a8xnuc0mxPuQ5VWP2IrTxDV'),
('apoorva', '160213733067', '8e1dfecb7388ca4b975797e2f252d585c7b4c0e637f40f17b9c85a60a16c40c3', 'QC0K3AJKKrudRLXxSEowMHux00uqya'),
('ashwini', '160213733068', '7ac64b5250ba860e41315c871de53900e89d517ceba6ee57d50ca0f05313f0dd', 'MFtsAgvgRrcnP2wqepVsgoo6FlorD5'),
('chandana', '160213733069', 'ac3d73b4606dee27e530e8209e6f9a4516bc3f0a238b732d599b91f3a4b2323d', 'WQs1SOM6N0qBMEgsqtCaPGlGA0MtMD'),
('chetan gautham', '160213733070', '233a4d9318fdcf5ed16d1474d3e4060abcd93f7a0058753f2a74043da7491c52', 'JaTy9qRbjzRcFrTbJGedS7PoJzHzdJ'),
('divyasree', '160213733071', 'ca3883de7080b6685bdf5b3419be37e30c29fe9c606692562fe2efd039c60dd2', 'T4TZl4FSK3G5y69uJOMpKgNHz5VGGl'),
('harini', '160213733072', '375502fa468b81442d93c27182bc3b60fb7aac447caeadc2496ad16f13a2589c', 'LSk2z6wMGuHtOOrYd5dQ0TSd68ZQ1i'),
('hemanthkumar', '160213733073', 'c826648149c84bac28e085dea1feff9bfaa6257367821658992fa313f98d9b22', 'A6U6NdeyeP7JQm3xIUuNEjZplFYznb'),
('jagan', '160213733074', 'a94d5e4a83bd6460fa557e4e7af0e248a261682fa40eed2a28e111a34794a213', 'QDnRCJDL9iNZOG6UeyoVa5KNK4xqCX'),
('FARHA KAUSER', '160213733075', '462c8f976c2666b33e2404d1d14b613d5e613d4cc50a56ea1dbb74a6d23f4893', 'yUgHMtdAXUMj7XapEfCVF2cdfLJTjp'),
('keerthi', '160213733076', 'd84adb57082c9177b58acf359d8f2c10f158fa81db16cdd02f8e3ebdd4689d51', '31KK2b98WaBhoHsCtZxaMLdmpfjaX8'),
('kiran', '160213733077', 'adca7c2fd929e14cb28252d70fbd484bfc4d35d2731ce635ba745e05c9d5996e', 'dIDWWabjKmMRTFAxraX6G4LjDiR1tI'),
('krishna', '160213733078', 'b349c29fb1decc4217e360e1473111d4b54d374f5b6c6df3a7628b29fec2612d', '6WwwE9SJY5xnxmQo3cH5biLpzP7HhS'),
('Mahikanth Nag', '160213733079', 'ccc451324d20934c5d10efcac00fbccbfbe29c8af97af63c3b2b4224e40586ec', 'UyJaRoSyKnsQTWwia3HATd4YVmd8BZ'),
('osman', '160213733080', 'af41b71d14f7b80b1482174613dc29c7816354a0ced84110cfb2ba0ce7e10748', 'gtBDkdnYZwgNw4tDZIcnDmtnadsIE4'),
('s.n.s.ramya sowjanya', '160213733081', 'f2b06300c27fe5cbcd7e2a105e0c76d1261d85f2d0a72b8b60504b58fef12918', 'scm18QU9J2oXbpyMY2Ct5vgnYULkCR'),
('k naveena', '160213733082', '51c80aca1c49217e9e99c48013a39c4273ff09e3121ddd03035ac207e83cb6eb', 'gkL2LfL0Q6rP5E90A4IuV6uKdYjL3n'),
('k navyanjali', '160213733083', '540ca3ba351f89c2af99c9bafd422de5d704e532fcbdd40eca8ce611cab92d32', 'NkdGx5hOztNDxYlIPHQjF5J25G1bJ1'),
('N.PAVITHRA', '160213733084', '093a5cb44d6a756795050db470c21a096f8c15aaa91b87092ec1439d4c9cb1d0', 'q7S5J3BAIARbD7FDWCD6WnMxC441lL'),
('phaneendra', '160213733085', '6551ce2233e1f36e2c2a617ab068875b047d2c93fff91e108ba53a5ded8efd75', '1ta58pAJkquEgR21CftJD5J7jxeLOh'),
('A.Praneeth', '160213733086', '8225d578bf2a227ffc032d2803ae438262a7642b3f43654d14466fb8f19fd4b7', '8P0vxo6XGmAebqLL8Ouz7f74eXug4D'),
('prasanna kumar', '160213733087', '316107b4bca780fcc8e8a9fd3b5bd8a286fb098edbe9110a1af4072fb7f15a87', 'isacq3K9bGGVtPkd2TkIuANdTwqgG9'),
('Priyanka Danam', '160213733088', '87e1d6908e8f9c7bd78130dda5033da7de4d5773ae4498844afd59f3660abe0a', 'XLyQB2h6srXALC21FB1eBpwmmdLnp7'),
('priyanka.G', '160213733089', 'df88d25a8c567f702a185c0506fa1a718b4cc69c7f4716a83bee3e60d637cac3', 'awCLFtCOXp5PzvO1PssjoyYrx5N45L'),
('priyanka.t', '160213733090', '886aea169ffa8bdf737b99e44ed12888f4f1b7835e2da4999acfbf7a0c924d26', 'CgoxwtYSxq9Sq0kBmAn95dyzXvwaRd'),
('rakesh', '160213733091', 'edd2574196bb464c76de90ea9850075586178d09e6eaba4402c2342efc0906bc', 'iwqpaV5hSyGdgYPKZNnro3BFXyNMG8'),
('RAVALI G', '160213733092', 'e4370721078441a6b6adbf0225dc17926e604ebbf2607ae4e3bb5e3e38f28145', 'acw02Z3S30QGB47jvMPncbaRNdA6Zk'),
('RAVALI NAMBURI', '160213733093', '40547d33d800657d9923e3b3f99e1c497218c1563f15b4d415944af921ff0476', 'brqHCl5PcOosOtQGli1ZBGdg3I7sK4'),
('B REETHIKA', '160213733094', '9e8ae51bebd363fbc458864cec76977fc6a3ca95f9c82d97e6b7bbe8c07fb8a8', 'zAA8RR9tMgRaqYrjErtV5F2Z7mwZX2'),
('sai keerthi', '160213733095', '9a72a533e7fc6b0e08e44950fa7e0701df21a386883a81b6a6cb20ae5eb0be4c', 'OiaEowapg2j7w4sLKkVO32zf0VJvIb'),
('saikiran', '160213733096', 'd2711645f16771c6226201ee2aac7a476857819a8ab7c425946552b1193061e4', 'kMScSBgtbZ43bHbQl8tYepm0XZ520r'),
('sai srikar k', '160213733097', '9730c671b1d6b29667bf4db7346738385f8e31efb8bb1412f3c2d8b8f72ca2d6', 'tZdqIQMHjRfJYelkbycXE0u3U9NGAo'),
('Sai Swaroop', '160213733098', 'a9aa5e5c2f218be55792f812fa3ece52ea65f86f21fc65ab1353c866b41b2173', '2BP7qhdT0M0dS8qwFa5mcvCs26zfgz'),
('gourusaiteja', '160213733099', '07a3c5fe41ebd40c83fc44559519e93e2df307e5793c0ee206cd0aca36e3b378', 'WMp2CLPabsoyuQFVSnKuc2gZNihCv6'),
('Samuel', '160213733100', 'd8602362ff522c90d45e452ce242abdabd4c5fa3186f401f94405f5fbfcb15b2', 'ERVLmELOuRROGNFMvpS5E9Y3WHqdmz'),
('sangeetha', '160213733101', '893034047a4fbfef289ad148bf43d9f1a46d7cfd3909dc124e0409cceb4d2555', 'ne2DSG64DRRdo8MbkkOzcMrscnDr4p'),
('santosh', '160213733102', 'fb3f61c91c7a5a5335e19ea43aa77fa95ee60006b6dffdb9423d2fc06e728c48', 'lES4cxUFhm4FgsPboE8NoktBriObjU'),
('sharath', '160213733103', '799bd5490dfe48e4efd52a94371bbe06dc5afb17cda4cfea45ae430017224195', 'qjDthK1PkIyPYlEpVT879HOI3136h4'),
('shivani', '160213733104', 'c9ab3f33d2c2047f46ec295971dd10701a20542e6cddb82ab4343418fa29e795', '28CHou9U8vQEIiVK6q7yMZDUHBcakk'),
('shourya', '160213733105', '2489c171c779357b1cd60596b8801f2617b9cc2491b793f63601f9662c8da764', 'b4nou5fgMy81h7gCrsbDpPETSy3GeD'),
('shreya', '160213733106', 'd2878a447bf54b8d2221664f6edf9ef4036eaa663d76b8a5d3592ac193355a47', '1aENPf75QfIMLwUYPVFgLMrLLVd2yJ'),
('srikanth', '160213733107', '2e7afe39ef41dcb5a7ad6a3f7513a9495bf718e2ecb2687242d16529b73cfc57', 'n8F68OCmgBQXl03maVjqyigAR8AJVr'),
('srikanth', '160213733108', 'f0e4a435823294d760aa82f2f84e375132d60ef43d18cf8606e5a4e04ca62c8a', 'qDEOpWgBYVp1nfUBrnvMH6j6ypHNiT'),
('srikar', '160213733109', '12d931b0e6f01e3889f1cd8acff9faefd90a2e183508302081befd5b52c9ef6c', 'KRtb23xfJjptcJ0p6QiysvbVDOTiFn'),
('annewar', '160213733110', '3a34a9b3537ea0280fb4133ebac80105970e73ed16f69022651608a9e737f8a3', 'JpfcBhg9w0tWuFGu4NlnlOTxKwmDP1'),
('snehavarma', '160213733111', 'e3363f03c1d55c1e25592e6eda9e49c2cae7d79436eb4c2d960c56508418ce0c', 'eh4c0TW475Sv4GeWXehGYQxGyySbPt'),
('Swathi', '160213733112', '5bb50e8be6cc308f5d5ad4f99a7698e32a94e7479b2c47ad018ecacc8d6d2bc9', 'GQkRM4Mwi4jbsGUsYf1q4DEFt9einF'),
('thanmayee', '160213733113', 'a7d93adbcc7e26a53930e152bf817471d112acc1f04387b91c1fcceeb5426a63', '9XXKyICXSndpHxBYHnH2XP0URkUZM7'),
('vasawii', '160213733114', 'e60cd8d1f2c49e08d9cd9167a207a8518b5f371033bcee29f43e43490423c108', 'BZ1hNlpoK9P0lTshssJe7W99vUgnVX'),
('vasavi Y', '160213733115', 'aa4798e59f9c5b2e86445a961299cbc69254c6d501c0007cda14776de790b362', 'kGbUicYeCPtQnMwHaMsg638wKiUWdJ'),
('vathsalya', '160213733116', '6fea067fbe637cbd8ae7c162e39dcaef509c409bce54a95cede7ec2754fcae17', 'LTvvGz5wZUQ48ZZZ5rfBjjPMNfrQZi'),
('ch.venkata naresh', '160213733117', '6d8597cba1a246ee00e2762dfbf06b1a6ab5d283d74f96a01a1ec222eb79684a', 'RwlZrvDrmLOLBRAhCTcRntmPlGh3w6'),
('vnkie vnkat', '160213733118', 'c778ab8491d9819794e504732fa0bdf6c71f8d34fdc1f1250b88b8d2ad997240', 'HwXIOK3e9OnYOJSg0kJKyQHI0cCgAx'),
('uppalavikram', '160213733119', '6e73c9a567d79e39048b97cbb5fb568c519916233341b7d003afa2c56a6c4d09', 'xoAkLkhKJeLLB0peodkBvB6ap8cHA9'),
('p.vyshnavi sai amritha', '160213733120', '364827522ac1ffe66faa1b3059d988030cb49b38382e2827662c65fdd0fec663', 'Jn3FEcb6UstiIxa5W4VkoHf63u0qYf'),
('Vineet Alampally', '160213733121', 'c87188a81d15403ebe8bce41c9362c7e0a537833d3e6bcc5c2d9b8166b788b63', 'CPRyFK7A8wgEBjIeO9Awgn2ZcDacD0'),
('akhilac', '160213733122', '75bac5cfbf90f8b2b501f3ff556df6db4e75d17d82c52cf1b0cf16f5b3beb60d', 'ZpiW5s3d64c3WxvTpN6Ax8Yr3tKKrn'),
('Medha', '160213733123', '5280e65ad1c5284e85cf2b5d84db6c4b0a3e625967a93d97089c89c49361cd63', '8UK6U7sMvvVMh98pEAE4DeeUURzk9t'),
('MEdha@', '160213733125', '0eabd7a8cfa644333b1ac410623e4bae8dbc233079291fb29dfa8e4e96957b18', 'jC90c5ANBetVlMfa7RmqMV2h5dp9GC'),
('lakshmi prasanna', '160213733126', 'e9501f0643263bf58022d21d1202f4b9f0730dc83843732d35bd416afe905364', 'pPTjTko4tdmEDRlO7ifr6J6MCROb2j'),
('j.neha reddy', '160213733127', '173a64b72887ab7340eccb56f546c23ea1ebc4f292228ed320736a8acd5e9673', 'bo6GCkcWKO80owvl3afHpyCWY5I19L'),
('J.RAVITEJA', '160213733129', '552659896e6f4f76fbf3bde4e7d5145694c99cf6db571cb92cb70fb59a4c0b29', 'Jap9enPeGI4aZmFfKTMTDIHaxjS5IP'),
('Varsha', '160213733130', '793d6b440b1cde9fcbc18e432d7911b9225ca8b3b32a444b37b7f279d83e2f05', 'Y01pmgdgheskU3GSyjAtcTl19XfwO6'),
('V CHAITANYA', '160213733132', '01c337b5b41f7fe00dc178640a3410b7f885a483b72d6b41e1a9d4a289f90b77', 'q1R5g5F7W0TwMoctbHJTekfiLzcPWO'),
('manasa ravali chenna', '160213733136', 'ae2cb86a6a271083632c61903c48e77b216c6d34492e9c8995c6f7ad7556cef8', '3inNoiUQ4qmZdD9l2NWHRzV5uQX3a6'),
('RAVITEJA J', '160213733140', 'b8e8375fc2ca74b640f53ff9bfe1cb10d127d1af77e1fbb0573469cbb02c5378', '2iUr3ZB0HecPX4VJeTCaQR5ue1djJ1'),
('manasa', '160213733142', '182bfeb6ef746b857d1d1085d324b7de7f0d3e4d7348ed86eef2a53f3e11eb8e', 'SReQEuOLEK68tyAfE52fmjuSlR3O9Z'),
('divya', '160213733171', '695743486cbdca1aba33a84c5542bba8bcfe49d91d16758f7bbc1adbe81b397c', '3PLeVTDvCXV7CcZFdCVHlzM4G6BVRq'),
('HARINI ', '160213733172', '149b5b97f5579a07633eadd1c556070a2bafaa545b0993d519eff471f175fa66', '9CPwZC3GsWaRL4zRQFGd9ZrVHqdnEj'),
('vinay kumar ', '160213733301', 'd8e6e3e2c70fcb007fdbc4e97727465f2d1d2a2425cdbe347725d972400f18f3', 'bfj75DwQwDCI4Jy5KIkb2fXjsmlaHs'),
('Mani kanta', '160213733302', '06e94adb40f4dd647cc530a4790d925601823eedc7871924a2b4b1f4f11cedc2', '3nh4iosFU6Jb5gnlVoMJ9KK130ssVh'),
('ramraj', '160213733303', '80c617aa36073e7912dd6abb27505f39e0fdf7e045d03be39b29e3aa4c2a900e', 'B6vBFMrnvZpEiuEmxGdUK9WPt6SwYh'),
('swetha', '160213733305', 'e085a928482689a892b6e8fb41a88bd5b21891d9b00c795ebc68a87abb53486b', 'HecQB9XJypuvd1aZPUryLY1m6bizap'),
('N Prashanth', '160213733306', '19747e1f5c86287ad0dbd09a126ef0b748ea13046b6b84483a94d796cc8c563b', 'oOqbYjbtjZjwSIIvnN9rkEkjxMBIWz'),
('sugathri', '160213733307', '5b2169568c3158e2ba015d496a0133f2195412758f640ed9bfd983b46c4c7c7a', 'VAa4o9nc5tebfPB38u0Nl1iUxilNC0'),
('B.Ajay', '160213733308', '53f5f4633db2a8fe0a0192b940eeb135579670755a0e122b920b227ee8c027ab', 'qj8kzTrop24H1emv5RwCcGT5w5dRKH'),
('saritha', '160213733310', '99c643a3091dd550830caba2883ce352e08347c59e3e9ddcf643a97d6f28697f', 'ieNiwwTro8hTiP9mLXXwAiLE4aYGCE'),
('akhil.t', '160213733313', '2a3cd2606d0db7d4a9ec2c27307c9f09c7b1ab2d34f9778244924c9e89c1b3f6', 'rj7T2lHoVr08dbkEP0exjTamt4wKsP'),
('arrola ashok', '160213733314', '3cb51ac1ea22ca7a1f76e4f8283881f89bd4c7ba4e0aa0933b7cb4b60d2a78f6', 'UKfdJGfT3l6WpWQBx1cqBmBbxH9tha'),
('manoj', '160213733315', 'd78d095cd715fcd794b23539f5ba6c7794f481b5308f1c73b139274cb89f82c0', 'jsUJHeYs3ebfovtPnRgWOEII8zjsl7'),
('k.sravani', '160213733316', 'f8f21a93bf47ee4958bc01c557f66d8a4cf16cc90ece7e8d4954d94f90f94d08', 'gvycAJy0dUjeeB7EZONWC5mL2ylQbd'),
('kummi', '160213733317', 'd47e3c44962641c893211c3bc46815738103179d6ca2b570e81bad2a44604414', 'dBaTENsq99US45uNbDgql5hN8TljeF'),
('K YOGESH', '160213733320', '85d8f396534af37c820760b0c918413b94df101f997f3567a480bb09537d1578', 'XtoBcMp7pfJ4EDd56napz6le1EkasD'),
(' chenna', '160213733322', 'dff8e7ee4fd26548436e9e2903e11d247731102228ba353750ba1f06ab3d2c9f', '1xe3KR73ndVppkNKDWgmhUKEkXG5tS'),
('k.akhila', '160213733323', '63ec67a52578a00bf869fcf6f53dbde3449c6a4ff4273126b7fc3b7f354ef9f6', 'TK4TmLPJPcthGNXchE9FHQZXIkHYJD'),
('shirisha', '160213733325', '80d9a482cb0349bb191181fa7e319d2f844f1f84b432be244e989c5f35d44aa8', 'euHW03R9d6INZK9uZy1E44OISHHMni'),
('ramu', '160213733326', '5cf9ebe23f6efeca390383cea60836d2643a2cb6962f130cd91dee10d04cc055', 'yGZhJBVRePvayf3VOBKClf4MojCsF6'),
('adithya', '160213733327', 'cd22ac014030424a64c08f4dcad4f36b33f24d51e303d8ef5da544f85a24ae80', 'NwuSHVRW9RCcjfpsioQKQAygXU1ePB'),
('Naresh', '160213733328', '64a825b71d72747686737ceb401eb356653ee6a42a87c16920d9c3dde0e2729a', 'lb1uvAnWZNZ4u0iQwoI20UJU0gZd7K'),
('harikrishna', '160213733329', '7fcd9be95bf2b6b9a6ee9206690849ee0e09ca444a1221fc24ce27386f30177b', 'xNzwxVciik0N9BY4lr4V1FqkFIEVTm'),
('karthik', '160213733330', '3bf39160fbd4a743bb42ddb1ab5c5166715b4a121ef76f744ca53d2eab28e2e1', 'IjYerHuMqI3ppYpTIpA5SGFjjdF82x'),
('k.mounika', '160213734022', 'e79626bb6fa46421fe8e20e16851ea794915893fe6a6797e8792084f26d47786', '772nWIzUy9e1qk2WV2QsJzV2MQZSkt'),
('Akila', '160213734323', 'e074fbe0c22344a78efef49706c250eebf558c45f596bd62494488938d416266', 'XJwCxWzNxyJXz6cuIDSeqAlJHT9oHr'),
('AKHIL MARAVELLY', '160214733061', '349b6420eff05185af43c2263414c4b96c21f3625a82859b8152880e71c04852', 'KsAMxmeTOx2rSHfO3XOs9K4Yqz98mw'),
('m anvesh', '160214733066', '7fbd4f4d795f536c011c85691641e0308d0a60fc258944ec27d1767287aa741f', 'DOuUjptSpNRbt5LyAMiqFcby14Wn1W'),
('vidiyalakeerthi', '160214733076', 'be4e6c45a9df1edf03dd888f2bee1dd6ebc2592e05e06e45a477a77a4e66f5d1', 'kttJ0ZcZRKp1CP2XrpxOzD27cZCJ9u'),
('naveena', '160214733182', '1fa8a3eb4453154fa86014cec4f648dcf566d6201267a89d3bbf133ef64659af', 'lYFMoPHt7z1NNiMD3MrqeQtPvrnid3'),
('SUBA', '160215341234', 'b3af9c962261515f7acec7c888c73b028e060bd1f33ddf08c67949673f325644', 'q6unFkINyJeEjNA5x56T6oRhpj3yHc'),
('abhinay', '160272733063', '65135964ea1eb7a95f3530cddb4da37b162cdafb92f2d38154a2a8810d1676e9', '5PQU2d9hNvWN9MSB9ePMbw5Ww9SD3P'),
('L.Vinay Kumar', '160273313301', 'b8c8d1c4babca9eca4a0b6b8eb9b6cb43577bca137c69a67a4bc0eb4f63399ce', 'JCgW1JpKgzWivqpB9vanoq57vccTY9'),
('Mani kanta', '160273313302', '75fb92d4703ebe63f273d97186b7142b0430a5f270dc3949ed7b9b1043c319b6', 'haGdL5di31tTjFJnbQN0PMARzle22U'),
('sugathri', '160273313307', 'e3c06938b112d7123876b8ed587c4c054948b9564d04fa2d2967438a439ea9dd', '7ihY3DQ3jQ9mDNepwfQHOnY9MPxEOC');

/*!40101 SET CHARACTER_SET_CLIENT=@OLD_CHARACTER_SET_CLIENT */;
/*!40101 SET CHARACTER_SET_RESULTS=@OLD_CHARACTER_SET_RESULTS */;
/*!40101 SET COLLATION_CONNECTION=@OLD_COLLATION_CONNECTION */;
